<window id="1002">
	<defaultcontrol always="true">101</defaultcontrol>
	<allowoverlay>no</allowoverlay>
	<controls>
		<include>Background</include>
		<include>HomeRightOverlay</include>
		<!-- Submenu blade / main menu -->
		<control type="group">
			<include>SettingsSubBlade</include>
			<animation effect="fade" time="300" condition="Window.Next(0)">WindowClose</animation>
			<control type="list" id="101">
				<description>Side Menu</description>
				<onup>101</onup>
				<ondown>101</ondown>
				<onleft>5</onleft>
				<animation effect="fade" time="300" condition="Window.Next(0)">WindowClose</animation>
				<include>SettingsSideMenu</include>
				<focusedlayout width="300" height="HomeSideMenuItemHeight">
					<control type="image">
						<include>HomeSideMenuNFBGImage</include>
					</control>
					<control type="label">
						<posx>SettingsTextXOffset</posx>
						<include>HomeSideMenuNFBGLabel</include>
					</control>
					<control type="image">
						<include>HomeSideMenuFOBGImage</include>
						<animation effect="slide" start="0,-43" end="0,0" time="400" reversible="false" tween="quadratic" easing="out" condition="Container(101).OnNext">Focus</animation>
						<animation effect="slide" start="0,43" end="0,0" time="400" reversible="false" tween="quadratic" easing="out" condition="Container(101).OnPrevious">Focus</animation>
					</control>
					<control type="label">
						<posx>SettingsTextXOffset</posx>
						<include>HomeSideMenuFOBGLabel</include>
						<animation effect="fade" start="0" end="100" time="200" delay="300" reversible="false" condition="Container(101).OnNext">Focus</animation>
						<animation effect="fade" start="0" end="100" time="200" delay="300" reversible="false" condition="Container(101).OnPrevious">Focus</animation>
					</control>
				</focusedlayout>
				<content>
					<item id="1">
						<description>General</description>
						<label>$LOCALIZE[31604]</label>
						<onclick>SetFocus(201)</onclick>
					</item>
				</content>
			</control>
		</control>
		<!-- Main control area -->
		<include>SettingsTextArea</include>
		<control type="group" id="5">
			<description>Control Area</description>
			<include>SettingsOptionsArea</include>
			<control type="label">
				<description>Title label</description>
				<label>$LOCALIZE[31606]</label>
				<include>SettingsUpperTitle</include>
			</control>
			<control type="label" id="2">
				<description>Title</description>
				<label> $LOCALIZE[31603]</label>
				<include>SettingsLowerTitle</include>
				<visible>!Control.HasFocus(1000)</visible>
			</control>
			<!-- General Options -->
			<control type="grouplist" id="201">
				<onup>1000</onup>
				<pagecontrol>61</pagecontrol>
				<visible allowhiddenfocus="false">Container(101).HasFocus(1) | ControlGroup(201).HasFocus()</visible>
				<include>CustomSettingsList</include>
				<control type="radiobutton" id="210">
					<description>Enable/Disable Developer Mode</description>
					<label>Developer Mode</label>
					<onclick>Skin.ToggleSetting(Developer)</onclick>
					<selected>Skin.HasSetting(Developer)</selected>
					<include>GeneralSkinOption</include>
				</control>
				<control type="radiobutton" id="211">
					<description>Dev Background</description>
					<label>Show Dev Background</label>
					<onclick>Skin.ToggleSetting(Developer_Background_Visible)</onclick>
					<selected>Skin.HasSetting(Developer_Background_Visible)</selected>
					<include>GeneralSkinOption</include>
				</control>


				<control type="button" id="212">
					<description>Set Custom Background</description>
					<visible>!Skin.String(Developer_Background)</visible>
					<label>Set Custom Background</label>
					<onclick>Skin.SetImage(Developer_Background)</onclick>
					<onclick>XBMC.ReloadSkin()</onclick>
					<include>GeneralSkinOption</include>
				</control>
				<control type="button" id="213">
					<description>Clear Custom Background</description>
					<visible>Skin.String(Developer_Background)</visible>
					<label>Reset Custom Background</label>
					<onclick>Skin.Reset(Developer_Background)</onclick>
					<include>GeneralSkinOption</include>
				</control>
				<control type="button" id="214">
					<description>Dim Background</description>
					<label>Dim Background</label>
					<onclick>Skin.ToggleSetting(bg_brightness)</onclick>
					<include>GeneralSkinOption</include>
				</control>
				
				<control type="radiobutton" id="215">
					<description>Dim Background</description>
					<visible>Skin.HasSetting(bg_brightness)</visible>
					<selected>Skin.HasSetting(Background_0)</selected>
					<label>0%</label>
					<include>opacity_reset</include>
					<onclick>Skin.ToggleSetting(Background_0)</onclick>
					<onclick>Skin.ToggleSetting(Background_60)</onclick>
					<onclick>XBMC.ReloadSkin()</onclick>
					<textoffsetx>80</textoffsetx>
					<include>GeneralSkinOption</include>
				</control>
				<control type="radiobutton" id="216">
					<description>Dim Background</description>
					<visible>Skin.HasSetting(bg_brightness)</visible>
					<selected>Skin.HasSetting(Background_10)</selected>
					<label>10%</label>
					<include>opacity_reset</include>
					<onclick>Skin.ToggleSetting(Background_10)</onclick>
					<onclick>Skin.ToggleSetting(Background_60)</onclick>
					<onclick>XBMC.ReloadSkin()</onclick>
					<textoffsetx>80</textoffsetx>
					<include>GeneralSkinOption</include>
				</control>
				<control type="radiobutton" id="217">
					<description>Dim Background</description>
					<visible>Skin.HasSetting(bg_brightness)</visible>
					<selected>Skin.HasSetting(Background_20)</selected>
					<label>20%</label>
					<include>opacity_reset</include>
					<onclick>Skin.ToggleSetting(Background_20)</onclick>
					<onclick>Skin.ToggleSetting(Background_60)</onclick>
					<onclick>XBMC.ReloadSkin()</onclick>
					<textoffsetx>80</textoffsetx>
					<include>GeneralSkinOption</include>
				</control>
				<control type="radiobutton" id="218">
					<description>Dim Background</description>
					<visible>Skin.HasSetting(bg_brightness)</visible>
					<selected>Skin.HasSetting(Background_30)</selected>
					<label>30%</label>
					<include>opacity_reset</include>
					<onclick>Skin.ToggleSetting(Background_30)</onclick>
					<onclick>Skin.ToggleSetting(Background_60)</onclick>
					<onclick>XBMC.ReloadSkin()</onclick>
					<textoffsetx>80</textoffsetx>
					<include>GeneralSkinOption</include>
				</control>
				<control type="radiobutton" id="219">
					<description>Dim Background</description>
					<visible>Skin.HasSetting(bg_brightness)</visible>
					<selected>Skin.HasSetting(Background_40)</selected>
					<label>40%</label>
					<include>opacity_reset</include>
					<onclick>Skin.ToggleSetting(Background_40)</onclick>
					<onclick>Skin.ToggleSetting(Background_60)</onclick>
					<onclick>XBMC.ReloadSkin()</onclick>
					<textoffsetx>80</textoffsetx>
					<include>GeneralSkinOption</include>
				</control>
				<control type="radiobutton" id="220">
					<description>Dim Background</description>
					<visible>Skin.HasSetting(bg_brightness)</visible>
					<selected>Skin.HasSetting(Background_50)</selected>
					<label>50%</label>
					<include>opacity_reset</include>
					<onclick>Skin.ToggleSetting(Background_50)</onclick>
					<onclick>Skin.ToggleSetting(Background_60)</onclick>
					<onclick>XBMC.ReloadSkin()</onclick>
					<textoffsetx>80</textoffsetx>
					<include>GeneralSkinOption</include>
				</control>
				<control type="radiobutton" id="221">
					<description>Dim Background</description>
					<visible>Skin.HasSetting(bg_brightness)</visible>
					<selected>!Skin.HasSetting(Background_60)</selected>
					<label>60%</label>
					<include>opacity_reset</include>
					<onclick>XBMC.ReloadSkin()</onclick>
					<textoffsetx>80</textoffsetx>
					<include>GeneralSkinOption</include>
				</control>
				<control type="radiobutton" id="222">
					<description>Dim Background</description>
					<visible>Skin.HasSetting(bg_brightness)</visible>
					<selected>Skin.HasSetting(Background_70)</selected>
					<label>70%</label>
					<include>opacity_reset</include>
					<onclick>Skin.ToggleSetting(Background_70)</onclick>
					<onclick>Skin.ToggleSetting(Background_60)</onclick>
					<onclick>XBMC.ReloadSkin()</onclick>
					<textoffsetx>80</textoffsetx>
					<include>GeneralSkinOption</include>
				</control>
				<control type="radiobutton" id="223">
					<description>Dim Background</description>
					<visible>Skin.HasSetting(bg_brightness)</visible>
					<selected>Skin.HasSetting(Background_80)</selected>
					<label>80%</label>
					<include>opacity_reset</include>
					<onclick>Skin.ToggleSetting(Background_80)</onclick>
					<onclick>Skin.ToggleSetting(Background_60)</onclick>
					<onclick>XBMC.ReloadSkin()</onclick>
					<textoffsetx>80</textoffsetx>
					<include>GeneralSkinOption</include>
				</control>
				<control type="radiobutton" id="224">
					<description>Dim Background</description>
					<visible>Skin.HasSetting(bg_brightness)</visible>
					<selected>Skin.HasSetting(Background_90)</selected>
					<label>90%</label>
					<include>opacity_reset</include>
					<onclick>Skin.ToggleSetting(Background_90)</onclick>
					<onclick>Skin.ToggleSetting(Background_60)</onclick>
					<onclick>XBMC.ReloadSkin()</onclick>
					<textoffsetx>80</textoffsetx>
					<include>GeneralSkinOption</include>
				</control>
				<control type="radiobutton" id="225">
					<description>Dim Background</description>
					<visible>Skin.HasSetting(bg_brightness)</visible>
					<selected>Skin.HasSetting(Background_100)</selected>
					<label>100%</label>
					<include>opacity_reset</include>
					<onclick>Skin.ToggleSetting(Background_100)</onclick>
					<onclick>Skin.ToggleSetting(Background_60)</onclick>
					<onclick>XBMC.ReloadSkin()</onclick>
					<textoffsetx>80</textoffsetx>
					<include>GeneralSkinOption</include>
				</control>
				
				
				<control type="button" id="226">
					<description>Refresh</description>
					<label>Refresh</label>
					<onclick>XBMC.ReloadSkin()</onclick>
					<include>GeneralSkinOption</include>
				</control>
			</control>
			<!-- Scrollbar -->
			<control type="scrollbar" id="61">
				<onup>61</onup>
				<ondown>61</ondown>
				<include>SettingsOptionsScrollbarDims</include>
			</control>
		</control>
		<!-- Settings Menu -->
		<include>SettingsCategoryMenu</include>
		<!-- Blades -->
		<include>SettingsLeftBlade</include>
		<!-- Custom Background Previews -->
		<control type="group">
			<posx>8</posx>
			<animation effect="slide" tween="cubic" start="0,0" end="-280,0" time="200" delay="100">WindowClose</animation>
			<control type="image">
				<info>Skin.String(CustomVideosBG)</info>
				<visible>Skin.String(CustomVideosBG) + ControlGroup(208).HasFocus(290)</visible>
				<include>CustomBGSettingThumb</include>
			</control>
			<control type="multiimage">
				<info>Skin.String(CustomVideosBGFolder)</info>
				<visible>Skin.String(CustomVideosBGFolder) + ControlGroup(208).HasFocus(291)</visible>
				<include>CustomBGSettingMultiThumb</include>
			</control>
			<control type="image">
				<info>Skin.String(CustomMoviesBG)</info>
				<visible>Skin.String(CustomMoviesBG) + ControlGroup(206).HasFocus(290)</visible>
				<include>CustomBGSettingThumb</include>
			</control>
			<control type="multiimage">
				<info>Skin.String(CustomMoviesBGFolder)</info>
				<visible>Skin.String(CustomMoviesBGFolder) + ControlGroup(206).HasFocus(291)</visible>
				<include>CustomBGSettingMultiThumb</include>
			</control>
			<control type="image">
				<info>Skin.String(CustomTVShowsBG)</info>
				<visible>Skin.String(CustomTVShowsBG) + ControlGroup(205).HasFocus(290)</visible>
				<include>CustomBGSettingThumb</include>
			</control>
			<control type="multiimage">
				<info>Skin.String(CustomTVShowsBGFolder)</info>
				<visible>Skin.String(CustomTVShowsBGFolder) + ControlGroup(205).HasFocus(291)</visible>
				<include>CustomBGSettingMultiThumb</include>
			</control>
			<control type="image">
				<info>Skin.String(CustomMusicBG)</info>
				<visible>Skin.String(CustomMusicBG) + ControlGroup(207).HasFocus(290)</visible>
				<include>CustomBGSettingThumb</include>
			</control>
			<control type="multiimage">
				<info>Skin.String(CustomMusicBGFolder)</info>
				<visible>Skin.String(CustomMusicBGFolder) + ControlGroup(207).HasFocus(291)</visible>
				<include>CustomBGSettingMultiThumb</include>
			</control>
			<control type="image">
				<info>Skin.String(CustomPicturesBG)</info>
				<visible>Skin.String(CustomPicturesBG) + ControlGroup(209).HasFocus(290)</visible>
				<include>CustomBGSettingThumb</include>
			</control>
			<control type="multiimage">
				<info>Skin.String(CustomPicturesBGFolder)</info>
				<visible>Skin.String(CustomPicturesBGFolder) + ControlGroup(209).HasFocus(291)</visible>
				<include>CustomBGSettingMultiThumb</include>
			</control>
			<!--<control type="image">
				<info>Skin.String(CustomWeatherBG)</info>
				<visible>Skin.String(CustomWeatherBG) + ControlGroup(203).HasFocus(240)</visible>
				<include>CustomBGSettingThumb</include>
			</control>
			<control type="multiimage">
				<info>Skin.String(CustomWeatherBGFolder)</info>
				<visible>Skin.String(CustomWeatherBGFolder) + ControlGroup(203).HasFocus(241)</visible>
				<include>CustomBGSettingMultiThumb</include>
			</control>-->
			<control type="image">
				<info>Skin.String(CustomProgramsBG)</info>
				<visible>Skin.String(CustomProgramsBG) + ControlGroup(203).HasFocus(242)</visible>
				<include>CustomBGSettingThumb</include>
			</control>
			<control type="multiimage">
				<info>Skin.String(CustomProgramsBGFolder)</info>
				<visible>Skin.String(CustomProgramsBGFolder) + ControlGroup(203).HasFocus(243)</visible>
				<include>CustomBGSettingMultiThumb</include>
			</control>
			<control type="image">
				<info>Skin.String(CustomSystemBG)</info>
				<visible>Skin.String(CustomSystemBG) + ControlGroup(203).HasFocus(244)</visible>
				<include>CustomBGSettingThumb</include>
			</control>
			<control type="multiimage">
				<info>Skin.String(CustomSystemBGFolder)</info>
				<visible>Skin.String(CustomSystemBGFolder) + ControlGroup(203).HasFocus(245)</visible>
				<include>CustomBGSettingMultiThumb</include>
			</control>
			<control type="image">
				<info>Skin.String(CustomPowerBG)</info>
				<visible>Skin.String(CustomPowerBG) + ControlGroup(203).HasFocus(246)</visible>
				<include>CustomBGSettingThumb</include>
			</control>
			<control type="multiimage">
				<info>Skin.String(CustomPowerBGFolder)</info>
				<visible>Skin.String(CustomPowerBGFolder) + ControlGroup(203).HasFocus(247)</visible>
				<include>CustomBGSettingMultiThumb</include>
			</control>
			<control type="image">
				<info>Skin.String(CustomDVDBG)</info>
				<visible>Skin.String(CustomDVDBG) + ControlGroup(203).HasFocus(248)</visible>
				<include>CustomBGSettingThumb</include>
			</control>
			<control type="multiimage">
				<info>Skin.String(CustomDVDBGFolder)</info>
				<visible>Skin.String(CustomDVDBGFolder) + ControlGroup(203).HasFocus(249)</visible>
				<include>CustomBGSettingMultiThumb</include>
			</control>
			<control type="image">
				<info>Skin.String(CustomAMTBG)</info>
				<visible>Skin.String(CustomAMTBG) + ControlGroup(203).HasFocus(250)</visible>
				<include>CustomBGSettingThumb</include>
			</control>
			<control type="multiimage">
				<info>Skin.String(CustomAMTBGFolder)</info>
				<visible>Skin.String(CustomAMTBGFolder) + ControlGroup(203).HasFocus(251)</visible>
				<include>CustomBGSettingMultiThumb</include>
			</control>
		</control>
		<!-- Widgets -->
		<include>Clock</include>
	</controls>
</window>
