<?xml version="1.0"?>
<window id="107">
	<coordinates>
		<system>1</system>
		<posx>0</posx>
		<posy>0</posy>
	</coordinates>
	<controls>
		<control type="group">
			<include>ToastDialogPos</include>
			<include>DialogSlideUp</include>
			<control type="image">
				<description>Panel background</description>
				<include>ToastDialogBGDims</include>
				<include>InfoMessagePanelBG</include>
			</control>
			<control type="label" id="401">
				<description>Caption</description>
				<include>ToastDialogCaptionDims</include>
				<label>-</label>
				<align>center</align>
				<texturefocus>-</texturefocus>
				<texturenofocus>-</texturenofocus>
			</control>
			<control type="label" id="402">
				<description>Description</description>
				<include>ToastDialogDescriptionDims</include>
				<label>-</label>
				<align>center</align>
				<texturefocus>-</texturefocus>
				<texturenofocus>-</texturenofocus>
			</control>
		</control>
	</controls>
</window>
