﻿<?xml version="1.0"?>
<window id="101">
	<defaultcontrol always="true">10</defaultcontrol>
	<controls>
		<include>DialogFade</include>
		<control type="group">
			<include>ProgressDialogCenterPos</include>
			<include>ProgressDialogBG</include>
			<control type="group">
				<include>ProgressDialogHeadingPos</include>
				<include>ConfirmDialogControls</include>
				<control type="progress" id="20">
					<description>progress control</description>
					<posx>-4</posx>
					<posy>84</posy>
					<width>ProgressDialogProgressWidth</width>
				</control>
				<control type="button" id="10">
					<description>Cancel Button</description>
					<include>ProgressDialogCancelBtnDims</include>
					<label>$LOCALIZE[222]</label>
					<include>DialogButton</include>
				</control>
			</control>
		</control>
	</controls>
</window>
