<window>
	<defaultcontrol>5</defaultcontrol>
	<coordinates>
		<system>1</system>
		<posx>290</posx>
		<posy>75</posy>
	</coordinates>
	<include>DialogFade</include>
	<controls>
		<include>SelectionDialogPos</include>
		<include>SelectionDialogBG</include>
			
			<control type="label" id="1">
				<description>Heading</description>
				<label>$LOCALIZE[5]</label>
				<include>SelectionDialogTitle</include>
			</control>
		
		
		
		<control type="label" id="3">
			<description>No Settings Label</description>
			<posx>20</posx>
			<posy>180</posy>
			<width>640</width>
			<align>center</align>
			<label>35004</label>
			<font>font13</font>
		</control>
		
		<control type="grouplist" id="5">
		
							<control type="image">
							<width>555</width>
							<height>85</height>
							<texture>HomeBladeSubFO2b.png</texture>
						</control>

		
			<animation effect="slide" start="0,0" end="5,0" time="0" condition="!Control.IsVisible(60)">Conditional</animation>
			<description>control area</description>
			<posx>20</posx>
			<posy>65</posy>
			<width>560</width>
			<height>230</height>
			<itemgap>5</itemgap>
			<pagecontrol>60</pagecontrol>
			<onleft>28</onleft>
			<onright>60</onright>
			<onup>28</onup>
			<ondown>28</ondown>
		</control>
		
		
		<control type="scrollbar" id="60">
			<posx>575</posx>
			<posy>70</posy>
			<width>25</width>
			<height>230</height>
			<texturesliderbackground border="0,14,0,14">ScrollBarV.png</texturesliderbackground>
			<texturesliderbar border="0,14,0,14">ScrollBarV_bar.png</texturesliderbar>
			<texturesliderbarfocus border="0,14,0,14">ScrollBarV_bar_focus.png</texturesliderbarfocus>
			<textureslidernib>ScrollBarNib.png</textureslidernib>
			<textureslidernibfocus>ScrollBarNib.png</textureslidernibfocus>
			<onleft>5</onleft>
			<onright>5</onright>
			<ondown>60</ondown>
			<onup>60</onup>
			<showonepage>false</showonepage>
			<orientation>vertical</orientation>
		</control>
		
		<control type="button" id="7">
			<description>Default Button</description>
			<posx>0</posx>
			<posy>0</posy>
			<height>40</height>
			<font>font13</font>
			<textcolor>white</textcolor>
			<align>left</align>
			<focusedcolor>white</focusedcolor>
			<texturefocus aspectratio="stretch">MenuItemFO.png</texturefocus>
		</control>
		
		<control type="radiobutton" id="8">
			<description>Default RadioButton</description>
			<posx>0</posx>
			<posy>0</posy>
			<height>40</height>
			<font>font13</font>
			<align>left</align>
			<textcolor>white</textcolor>
			<focusedcolor>white</focusedcolor>
			<texturefocus aspectratio="stretch">MenuItemFO.png</texturefocus>
		</control>
		
		<control type="spincontrolex" id="9">
			<description>Default SpinControlex</description>
			<posx>0</posx>
			<posy>0</posy>
			<height>40</height>
			<font>font13</font>
			<textcolor>white</textcolor>
			<align>left</align>
			<focusedcolor>white</focusedcolor>
			<texturefocus aspectratio="stretch">MenuItemFO.png</texturefocus>
			<aligny>center</aligny>
			<reverse>yes</reverse>
		</control>
		
		<control type="sliderex" id="10">
			<description>Default Slider</description>
			<height>40</height>
			<texturefocus aspectratio="stretch">MenuItemFO.png</texturefocus>
			<font>font13</font>
			<align>left</align>
			<textcolor>white</textcolor>
			<focusedcolor>white</focusedcolor>
		</control>
		
		
		<control type="image" id="11">
			<description>separator image</description>
				<description>separator image</description>
				<width>1</width>
				<height>1</height>
				<texture>-</texture>
				<visible>false</visible>
		</control>

		<control type="group" id="9000">
			<posx>40</posx>
			<posy>300</posy>
			
				
				
			
			<control type="button" id="29">
				<description>Cancel Button</description>
				<posy>0</posy>
				<posx>0</posx>
				<width>150</width>
				<height>40</height>
				<align>center</align>
				<aligny>center</aligny>
				<font>font12_title</font>
				<label>222</label>
				<onleft>50</onleft>
				<onright>28</onright>
				<onup>5</onup>
				<ondown>5</ondown>
			</control>
			<control type="button" id="28">
				<description>OK Button</description>
				<posy>0</posy>
				<posx>210</posx>
				<width>150</width>
				<height>40</height>
				<align>center</align>
				<aligny>center</aligny>
				<font>font12_title</font>
				<label>186</label>
				<onleft>29</onleft>
				<onright>50</onright>
				<onup>5</onup>
				<ondown>5</ondown>
			</control>
			<control type="button" id="50">
				<description>Defaults Button</description>
				<posy>0</posy>
				<posx>400</posx>
				<width>150</width>
				<height>40</height>
				<align>center</align>
				<aligny>center</aligny>
				<font>font12_title</font>
				<label>409</label>
				<onleft>28</onleft>
				<onright>29</onright>
				<onup>5</onup>
				<ondown>5</ondown>
			</control>
		</control>
	</controls>
</window>
