<?xml version="1.0"?>
<window id="106">
	<defaultcontrol>1000</defaultcontrol>
	<coordinates>
		<system>1</system>
		<posx>0</posx>
		<posy>0</posy>
	</coordinates>
	<controls>
		<control type="group">
			<description>Default Context menu</description>
			<include condition="Skin.HasSetting(HideListViewIcons) | Skin.HasSetting(HideListViewIconsVideos) | Skin.HasSetting(HideListViewIconsMusic)">NoIconsListContextMenuPos</include>
			<include>DialogQuickFade</include>
			<control type="image" id="997">
				<description>Top Image</description>
				<posx>0</posx>
				<posy>-48</posy>
				<width>ContextMenuWidth</width>
				<height>48</height>
				<include>ContextDialogTopTexture</include>
			</control>
			<control type="image" id="999">
				<description>Middle Image</description>
				<posx>0</posx>
				<width>ContextMenuWidth</width>
				<include>ContextDialogMiddleTexture</include>
			</control>
			<control type="image" id="998">
				<description>Bottom Image</description>
				<width>ContextMenuWidth</width>
				<height>16</height>
				<include>ContextDialogBottomTexture</include>
			</control>
			<control type="label">
				<posy>-38</posy>
				<width>ContextMenuWidth</width>
				<align>center</align>
				<font>TitleCapsFont</font>
				<label>$LOCALIZE[31018]</label>
			</control>
			<control type="button" id="1000">
				<description>Buttons</description>
				<include condition="Skin.HasSetting(HideListViewIcons) | Skin.HasSetting(HideListViewIconsVideos) | Skin.HasSetting(HideListViewIconsMusic)">NoIconsListContextMenuPos</include>
				<posx>1</posx>
				<posy>0</posy>
				<width>332</width>
				<height>43</height>
				<texturefocus>HomeBladeSubFO2b.png</texturefocus>
				<texturenofocus>-</texturenofocus>
				<label>-</label>
				<font>MediumSmallDefaultCapsFont</font>
				<align>center</align>
				<aligny>center</aligny>
				<textoffsetx>-</textoffsetx>
				<textoffsety>6</textoffsety>
				<pulseonselect>no</pulseonselect>
				<onfocus>-</onfocus>
				<onup>1000</onup>
				<ondown>1000</ondown>
				<onleft>-</onleft>
				<onright>-</onright>
				<include>DialogTextColors</include>
				<include>DialogQuickFade</include>
			</control>
		</control>
	</controls>
</window>
