<?xml version="1.0"?>
<window id="103">
	<defaultcontrol always="true">65</defaultcontrol>
	<allowoverlay>no</allowoverlay>
	<zorder>1</zorder>
	<coordinates>
		<system>1</system>
		<posx>0</posx>
		<posy>0</posy>
	</coordinates>
	<include>DialogFade</include>
	<controls>
		<include>DialogFadeBG</include>
		<include>KeyboardDialogBG</include>
		<control type="label" id="310">
			<description>Edit Text</description>
			<posx>360</posx>
			<posy>210</posy>
			<width>570</width>
			<height>30</height>
			<font>LargeDefaultFont</font>
			<align>center</align>
			<aligny>center</aligny>
		</control>
		<!-- Row 1 -->
		<control type="button" id="305">
			<description>Previous button</description>
			<posx>256</posx>
			<posy>290</posy>
			<width>75</width>
			<height>50</height>
			<onup>307</onup>
			<ondown>303</ondown>
			<onleft>306</onleft>
			<onright>49</onright>
			<font>LargeDefaultFont</font>
			<label>&lt;</label>
			<texturefocus border="10">KeyboardArrows2.png</texturefocus>
			<texturenofocus border="10">-</texturenofocus>
			<align>center</align>
			<aligny>center</aligny>
		</control>
		<control type="button" id="49">
			<description>'1' button</description>
			<posx>333</posx>
			<posy>290</posy>
			<width>61</width>
			<height>50</height>
			<onleft>305</onleft>
			<onright>50</onright>
			<onup>307</onup>
			<ondown>303</ondown>
			<font>LargeDefaultFont</font>
			<texturefocus>KeyboardLetters2.png</texturefocus>
			<texturenofocus>-</texturenofocus>
			<align>center</align>
			<aligny>center</aligny>
		</control>
		<control type="button" id="50">
			<description>'2' button</description>
			<posx>396</posx>
			<posy>290</posy>
			<width>61</width>
			<height>50</height>
			<onleft>49</onleft>
			<onright>51</onright>
			<onup>32</onup>
			<ondown>65</ondown>
			<font>LargeDefaultFont</font>
			<texturefocus>KeyboardLetters2.png</texturefocus>
			<texturenofocus>-</texturenofocus>
			<align>center</align>
			<aligny>center</aligny>
		</control>
		<control type="button" id="51">
			<description>'3' button</description>
			<posx>459</posx>
			<posy>290</posy>
			<width>61</width>
			<height>50</height>
			<onleft>50</onleft>
			<onright>52</onright>
			<onup>32</onup>
			<ondown>66</ondown>
			<font>LargeDefaultFont</font>
			<texturefocus>KeyboardLetters2.png</texturefocus>
			<texturenofocus>-</texturenofocus>
			<align>center</align>
			<aligny>center</aligny>
		</control>
		<control type="button" id="52">
			<description>'4' button</description>
			<posx>522</posx>
			<posy>290</posy>
			<width>61</width>
			<height>50</height>
			<onleft>51</onleft>
			<onright>53</onright>
			<onup>32</onup>
			<ondown>67</ondown>
			<font>LargeDefaultFont</font>
			<texturefocus>KeyboardLetters2.png</texturefocus>
			<texturenofocus>-</texturenofocus>
			<align>center</align>
			<aligny>center</aligny>
		</control>
		<control type="button" id="53">
			<description>'5' button</description>
			<posx>585</posx>
			<posy>290</posy>
			<width>61</width>
			<height>50</height>
			<onleft>52</onleft>
			<onright>54</onright>
			<onup>32</onup>
			<ondown>68</ondown>
			<font>LargeDefaultFont</font>
			<texturefocus>KeyboardLetters2.png</texturefocus>
			<texturenofocus>-</texturenofocus>
			<align>center</align>
			<aligny>center</aligny>
		</control>
		<control type="button" id="54">
			<description>'6' button</description>
			<posx>648</posx>
			<posy>290</posy>
			<width>61</width>
			<height>50</height>
			<onleft>53</onleft>
			<onright>55</onright>
			<onup>32</onup>
			<ondown>68</ondown>
			<font>LargeDefaultFont</font>
			<texturefocus>KeyboardLetters2.png</texturefocus>
			<texturenofocus>-</texturenofocus>
			<align>center</align>
			<aligny>center</aligny>
		</control>
		<control type="button" id="55">
			<description>'7' button</description>
			<posx>711</posx>
			<posy>290</posy>
			<width>61</width>
			<height>50</height>
			<onleft>54</onleft>
			<onright>56</onright>
			<onup>32</onup>
			<ondown>69</ondown>
			<font>LargeDefaultFont</font>
			<texturefocus>KeyboardLetters2.png</texturefocus>
			<texturenofocus>-</texturenofocus>
			<align>center</align>
			<aligny>center</aligny>
		</control>
		<control type="button" id="56">
			<description>'8' button</description>
			<posx>774</posx>
			<posy>290</posy>
			<width>61</width>
			<height>50</height>
			<onleft>55</onleft>
			<onright>57</onright>
			<onup>8</onup>
			<ondown>70</ondown>
			<font>LargeDefaultFont</font>
			<texturefocus>KeyboardLetters2.png</texturefocus>
			<texturenofocus>-</texturenofocus>
			<align>center</align>
			<aligny>center</aligny>
		</control>
		<control type="button" id="57">
			<description>'9' button</description>
			<posx>837</posx>
			<posy>290</posy>
			<width>61</width>
			<height>50</height>
			<onleft>56</onleft>
			<onright>48</onright>
			<onup>8</onup>
			<ondown>71</ondown>
			<font>LargeDefaultFont</font>
			<texturefocus>KeyboardLetters2.png</texturefocus>
			<texturenofocus>-</texturenofocus>
			<align>center</align>
			<aligny>center</aligny>
		</control>
		<control type="button" id="48">
			<description>'0' button</description>
			<posx>900</posx>
			<posy>290</posy>
			<width>61</width>
			<height>50</height>
			<onleft>57</onleft>
			<onright>306</onright>
			<onup>300</onup>
			<ondown>72</ondown>
			<font>LargeDefaultFont</font>
			<texturefocus>KeyboardLetters2.png</texturefocus>
			<texturenofocus>-</texturenofocus>
			<align>center</align>
			<aligny>center</aligny>
		</control>
		<control type="button" id="306">
			<description>Next button</description>
			<posx>963</posx>
			<posy>290</posy>
			<width>70</width>
			<height>50</height>
			<label>&gt;</label>
			<font>LargeDefaultFont</font>
			<texturefocus flipx="true">KeyboardArrows2.png</texturefocus>
			<texturenofocus flipx="true">-</texturenofocus>
			<onleft>48</onleft>
			<onright>305</onright>
			<onup>300</onup>
			<ondown>73</ondown>
			<align>center</align>
			<aligny>center</aligny>
		</control>
		<!-- Row 2 -->
		<control type="button">
			<description>Focused Caps button</description>
			<posy>342</posy>
			<posx>256</posx>
			<width>138</width>
			<height>50</height>
			<align>center</align>
			<aligny>center</aligny>
			<textoffsetx>0</textoffsetx>
			<textoffsety>12</textoffsety>
			<texturefocus border="10">-</texturefocus>
			<texturenofocus border="10">KeyboardLetters2.png</texturenofocus>
			<visible>Control.HasFocus(303)</visible>
		</control>
		<control type="togglebutton" id="303">
			<description>CAPS LOCK button</description>
			<posy>342</posy>
			<posx>256</posx>
			<width>138</width>
			<height>50</height>
			<align>center</align>
			<aligny>center</aligny>
			<onleft>73</onleft>
			<onright>65</onright>
			<onup>305</onup>
			<ondown>302</ondown>
			<font>LargeDefaultFont</font>
			<label>Caps</label>
			<altlabel>Caps</altlabel>
			<textcolor>white</textcolor>			
			<focusedcolor>white</focusedcolor>
			<textoffsetx>0</textoffsetx>
			<textoffsety>0</textoffsety>
			<pulseonselect>false</pulseonselect>
			<alttexturenofocus>LEDOn2.png</alttexturenofocus>
			<alttexturefocus>LEDOn2.png</alttexturefocus>
			<texturefocus>LEDOff2.png</texturefocus>
			<texturenofocus>LEDOff2.png</texturenofocus>
		</control>
		<control type="button" id="65">
			<description>'A' button</description>
			<posx>396</posx>
			<posy>342</posy>
			<width>69</width>
			<height>50</height>
			<onleft>303</onleft>
			<onright>66</onright>
			<onup>50</onup>
			<ondown>74</ondown>
			<font>LargeDefaultFont</font>
			<texturefocus>KeyboardLetters2.png</texturefocus>
			<texturenofocus>-</texturenofocus>
			<align>center</align>
			<aligny>center</aligny>
		</control>
		<control type="button" id="66">
			<description>'B' button</description>
			<posx>467</posx>
			<posy>342</posy>
			<width>69</width>
			<height>50</height>
			<onleft>65</onleft>
			<onright>67</onright>
			<onup>51</onup>
			<ondown>75</ondown>
			<font>LargeDefaultFont</font>
			<texturefocus>KeyboardLetters2.png</texturefocus>
			<texturenofocus>-</texturenofocus>
			<align>center</align>
			<aligny>center</aligny>
		</control>
		<control type="button" id="67">
			<description>'C' button</description>
			<posx>538</posx>
			<posy>342</posy>
			<width>69</width>
			<height>50</height>
			<onleft>66</onleft>
			<onright>68</onright>
			<onup>52</onup>
			<ondown>76</ondown>
			<font>LargeDefaultFont</font>
			<texturefocus>KeyboardLetters2.png</texturefocus>
			<texturenofocus>-</texturenofocus>
			<align>center</align>
			<aligny>center</aligny>
		</control>
		<control type="button" id="68">
			<description>'D' button</description>
			<posx>609</posx>
			<posy>342</posy>
			<width>69</width>
			<height>50</height>
			<onleft>67</onleft>
			<onright>69</onright>
			<onup>53</onup>
			<ondown>77</ondown>
			<font>LargeDefaultFont</font>
			<texturefocus>KeyboardLetters2.png</texturefocus>
			<texturenofocus>-</texturenofocus>
			<align>center</align>
			<aligny>center</aligny>
		</control>
		<control type="button" id="69">
			<description>'E' button</description>
			<posx>680</posx>
			<posy>342</posy>
			<width>69</width>
			<height>50</height>
			<onleft>68</onleft>
			<onright>70</onright>
			<onup>55</onup>
			<ondown>78</ondown>
			<font>LargeDefaultFont</font>
			<texturefocus>KeyboardLetters2.png</texturefocus>
			<texturenofocus>-</texturenofocus>
			<align>center</align>
			<aligny>center</aligny>
		</control>
		<control type="button" id="70">
			<description>'F' button</description>
			<posx>751</posx>
			<posy>342</posy>
			<width>69</width>
			<height>50</height>
			<onleft>69</onleft>
			<onright>71</onright>
			<onup>56</onup>
			<ondown>79</ondown>
			<font>LargeDefaultFont</font>
			<texturefocus>KeyboardLetters2.png</texturefocus>
			<texturenofocus>-</texturenofocus>
			<align>center</align>
			<aligny>center</aligny>
		</control>
		<control type="button" id="71">
			<description>'G' button</description>
			<posx>822</posx>
			<posy>342</posy>
			<width>69</width>
			<height>50</height>
			<onleft>70</onleft>
			<onright>72</onright>
			<onup>57</onup>
			<ondown>80</ondown>
			<font>LargeDefaultFont</font>
			<texturefocus>KeyboardLetters2.png</texturefocus>
			<texturenofocus>-</texturenofocus>
			<align>center</align>
			<aligny>center</aligny>
		</control>
		<control type="button" id="72">
			<description>'H' button</description>
			<posx>893</posx>
			<posy>342</posy>
			<width>68</width>
			<height>50</height>
			<onleft>71</onleft>
			<onright>73</onright>
			<onup>48</onup>
			<ondown>81</ondown>
			<font>LargeDefaultFont</font>
			<texturefocus>KeyboardLetters2.png</texturefocus>
			<texturenofocus>-</texturenofocus>
			<align>center</align>
			<aligny>center</aligny>
		</control>
		<control type="button" id="73">
			<description>'I' button</description>
			<posx>963</posx>
			<posy>342</posy>
			<width>70</width>
			<height>50</height>
			<onleft>72</onleft>
			<onright>303</onright>
			<onup>306</onup>
			<ondown>82</ondown>
			<font>LargeDefaultFont</font>
			<texturefocus>KeyboardLetters2.png</texturefocus>
			<texturenofocus>-</texturenofocus>
			<align>center</align>
			<aligny>center</aligny>
		</control>
		<!-- Row 3 -->
		<control type="button">
			<description>Focused Shift button</description>
			<posy>394</posy>
			<posx>256</posx>
			<width>138</width>
			<height>50</height>
			<align>center</align>
			<aligny>center</aligny>
			<font>LargeDefaultFont</font>
			<texturefocus border="10">KeyboardLetters2.png</texturefocus>
			<texturenofocus border="10">KeyboardLetters2.png</texturenofocus>
			<visible>Control.HasFocus(302)</visible>
		</control>
		<control type="togglebutton" id="302">
			<description>SHIFT button</description>
			<posy>395</posy>
			<posx>256</posx>
			<width>138</width>
			<height>50</height>
			<align>center</align>
			<aligny>center</aligny>
			<onleft>82</onleft>
			<onright>74</onright>
			<onup>303</onup>
			<ondown>304</ondown>
			<font>LargeDefaultFont</font>
			<label>$LOCALIZE[20178]</label>
			<alttexturenofocus>LEDOn2.png</alttexturenofocus>
			<alttexturefocus>LEDOn2.png</alttexturefocus>
			<texturefocus>LEDOff2.png</texturefocus>
			<texturenofocus>LEDOff2.png</texturenofocus>
			<textoffsetx>0</textoffsetx>
			<textoffsety>0</textoffsety>
			<pulseonselect>false</pulseonselect>
		</control>
		<control type="button" id="74">
			<description>'J' button</description>
			<posx>396</posx>
			<posy>394</posy>
			<width>69</width>
			<height>50</height>
			<onleft>302</onleft>
			<onright>75</onright>
			<onup>65</onup>
			<ondown>83</ondown>
			<font>LargeDefaultFont</font>
			<texturefocus>KeyboardLetters2.png</texturefocus>
			<texturenofocus>-</texturenofocus>
			<align>center</align>
			<aligny>center</aligny>
		</control>
		<control type="button" id="75">
			<description>'K' button</description>
			<posx>467</posx>
			<posy>394</posy>
			<width>69</width>
			<height>50</height>
			<onleft>74</onleft>
			<onright>76</onright>
			<onup>66</onup>
			<ondown>84</ondown>
			<font>LargeDefaultFont</font>
			<texturefocus>KeyboardLetters2.png</texturefocus>
			<texturenofocus>-</texturenofocus>
			<align>center</align>
			<aligny>center</aligny>
		</control>
		<control type="button" id="76">
			<description>'L' button</description>
			<posx>538</posx>
			<posy>394</posy>
			<width>69</width>
			<height>50</height>
			<onleft>75</onleft>
			<onright>77</onright>
			<onup>67</onup>
			<ondown>85</ondown>
			<font>LargeDefaultFont</font>
			<texturefocus>KeyboardLetters2.png</texturefocus>
			<texturenofocus>-</texturenofocus>
			<align>center</align>
			<aligny>center</aligny>
		</control>
		<control type="button" id="77">
			<description>'M' button</description>
			<posx>609</posx>
			<posy>394</posy>
			<width>69</width>
			<height>50</height>
			<onleft>76</onleft>
			<onright>78</onright>
			<onup>68</onup>
			<ondown>86</ondown>
			<font>LargeDefaultFont</font>
			<texturefocus>KeyboardLetters2.png</texturefocus>
			<texturenofocus>-</texturenofocus>
			<align>center</align>
			<aligny>center</aligny>
		</control>
		<control type="button" id="78">
			<description>'N' button</description>
			<posx>680</posx>
			<posy>394</posy>
			<width>69</width>
			<height>50</height>
			<onleft>77</onleft>
			<onright>79</onright>
			<onup>69</onup>
			<ondown>87</ondown>
			<font>LargeDefaultFont</font>
			<texturefocus>KeyboardLetters2.png</texturefocus>
			<texturenofocus>-</texturenofocus>
			<align>center</align>
			<aligny>center</aligny>
		</control>
		<control type="button" id="79">
			<description>'O' button</description>
			<posx>751</posx>
			<posy>394</posy>
			<width>69</width>
			<height>50</height>
			<onleft>78</onleft>
			<onright>80</onright>
			<onup>70</onup>
			<ondown>88</ondown>
			<font>LargeDefaultFont</font>
			<texturefocus>KeyboardLetters2.png</texturefocus>
			<texturenofocus>-</texturenofocus>
			<align>center</align>
			<aligny>center</aligny>
		</control>
		<control type="button" id="80">
			<description>'P' button</description>
			<posx>822</posx>
			<posy>394</posy>
			<width>69</width>
			<height>50</height>
			<onleft>79</onleft>
			<onright>81</onright>
			<onup>71</onup>
			<ondown>89</ondown>
			<font>LargeDefaultFont</font>
			<texturefocus>KeyboardLetters2.png</texturefocus>
			<texturenofocus>-</texturenofocus>
			<align>center</align>
			<aligny>center</aligny>
		</control>
		<control type="button" id="81">
			<description>'Q' button</description>
			<posx>893</posx>
			<posy>394</posy>
			<width>68</width>
			<height>50</height>
			<onleft>80</onleft>
			<onright>82</onright>
			<onup>72</onup>
			<ondown>90</ondown>
			<font>LargeDefaultFont</font>
			<texturefocus>KeyboardLetters2.png</texturefocus>
			<texturenofocus>-</texturenofocus>
			<align>center</align>
			<aligny>center</aligny>
		</control>
		<control type="button" id="82">
			<description>'R' button</description>
			<posx>963</posx>
			<posy>394</posy>
			<width>70</width>
			<height>50</height>
			<onleft>81</onleft>
			<onright>302</onright>
			<onup>73</onup>
			<ondown>300</ondown>
			<font>LargeDefaultFont</font>
			<texturefocus>KeyboardLetters2.png</texturefocus>
			<texturenofocus>-</texturenofocus>
			<align>center</align>
			<aligny>center</aligny>
		</control>
		<!-- Row 4 -->
		<control type="button">
			<description>Focused Symbols button</description>
			<posy>446</posy>
			<posx>256</posx>
			<width>138</width>
			<height>50</height>
			<align>center</align>
			<aligny>center</aligny>
			<font>LargeDefaultFont</font>
			<texturefocus border="10">KeyboardLetters2.png</texturefocus>
			<texturenofocus border="10">KeyboardLetters2.png</texturenofocus>
			<visible>Control.HasFocus(304)</visible>
		</control>
		<control type="togglebutton" id="304">
			<description>Symbols button</description>
			<posy>447</posy>
			<posx>256</posx>
			<width>138</width>
			<height>50</height>
			<align>center</align>
			<aligny>center</aligny>
			<onleft>90</onleft>
			<onright>83</onright>
			<onup>302</onup>
			<ondown>307</ondown>
			<font>LargeDefaultFont</font>
			<label>$LOCALIZE[20180]</label>
			<alttexturenofocus>LEDOn2.png</alttexturenofocus>
			<alttexturefocus>LEDOn2.png</alttexturefocus>
			<texturefocus>LEDOff2.png</texturefocus>
			<texturenofocus>LEDOff2.png</texturenofocus>
			<textoffsetx>0</textoffsetx>
			<textoffsety>0</textoffsety>
			<pulseonselect>false</pulseonselect>
		</control>
		<control type="button" id="83">
			<description>'S' button</description>
			<posx>396</posx>
			<posy>446</posy>
			<width>69</width>
			<height>50</height>
			<onleft>304</onleft>
			<onright>84</onright>
			<onup>74</onup>
			<ondown>32</ondown>
			<font>LargeDefaultFont</font>
			<texturefocus>KeyboardLetters2.png</texturefocus>
			<texturenofocus>-</texturenofocus>
			<align>center</align>
			<aligny>center</aligny>
		</control>
		<control type="button" id="84">
			<description>'T' button</description>
			<posx>467</posx>
			<posy>446</posy>
			<width>69</width>
			<height>50</height>
			<onleft>83</onleft>
			<onright>85</onright>
			<onup>75</onup>
			<ondown>32</ondown>
			<font>LargeDefaultFont</font>
			<texturefocus>KeyboardLetters2.png</texturefocus>
			<texturenofocus>-</texturenofocus>
			<align>center</align>
			<aligny>center</aligny>
		</control>
		<control type="button" id="85">
			<description>'U' button</description>
			<posx>538</posx>
			<posy>446</posy>
			<width>69</width>
			<height>50</height>
			<onleft>84</onleft>
			<onright>86</onright>
			<onup>76</onup>
			<ondown>32</ondown>
			<font>LargeDefaultFont</font>
			<texturefocus>KeyboardLetters2.png</texturefocus>
			<texturenofocus>-</texturenofocus>
			<align>center</align>
			<aligny>center</aligny>
		</control>
		<control type="button" id="86">
			<description>'V' button</description>
			<posx>609</posx>
			<posy>446</posy>
			<width>69</width>
			<height>50</height>
			<onleft>85</onleft>
			<onright>87</onright>
			<onup>77</onup>
			<ondown>32</ondown>
			<font>LargeDefaultFont</font>
			<texturefocus>KeyboardLetters2.png</texturefocus>
			<texturenofocus>-</texturenofocus>
			<align>center</align>
			<aligny>center</aligny>
		</control>
		<control type="button" id="87">
			<description>'W' button</description>
			<posx>680</posx>
			<posy>446</posy>
			<width>69</width>
			<height>50</height>
			<onleft>86</onleft>
			<onright>88</onright>
			<onup>78</onup>
			<ondown>32</ondown>
			<font>LargeDefaultFont</font>
			<texturefocus>KeyboardLetters2.png</texturefocus>
			<texturenofocus>-</texturenofocus>
			<align>center</align>
			<aligny>center</aligny>
		</control>
		<control type="button" id="88">
			<description>'X' button</description>
			<posx>751</posx>
			<posy>446</posy>
			<width>69</width>
			<height>50</height>
			<onleft>87</onleft>
			<onright>89</onright>
			<onup>79</onup>
			<ondown>8</ondown>
			<font>LargeDefaultFont</font>
			<texturefocus>KeyboardLetters2.png</texturefocus>
			<texturenofocus>-</texturenofocus>
			<align>center</align>
			<aligny>center</aligny>
		</control>
		<control type="button" id="89">
			<description>'Y' button</description>
			<posx>822</posx>
			<posy>446</posy>
			<width>69</width>
			<height>50</height>
			<onleft>88</onleft>
			<onright>90</onright>
			<onup>80</onup>
			<ondown>8</ondown>
			<font>LargeDefaultFont</font>
			<texturefocus>KeyboardLetters2.png</texturefocus>
			<texturenofocus>-</texturenofocus>
			<align>center</align>
			<aligny>center</aligny>
		</control>
		<control type="button" id="90">
			<description>'Z' button</description>
			<posx>893</posx>
			<posy>446</posy>
			<width>68</width>
			<height>50</height>
			<onleft>89</onleft>
			<onright>304</onright>
			<onup>81</onup>
			<ondown>300</ondown>
			<font>LargeDefaultFont</font>
			<texturefocus>KeyboardLetters2.png</texturefocus>
			<texturenofocus>-</texturenofocus>
			<align>center</align>
			<aligny>center</aligny>
		</control>
		<control type="button">
			<description>Blank button</description>
			<posx>963</posx>
			<posy>446</posy>
			<width>69</width>
			<height>50</height>
			<label>-</label>
			<font>LargeDefaultFont</font>
			<texturefocus>-</texturefocus>
			<texturenofocus>-</texturenofocus>
			<align>center</align>
			<aligny>center</aligny>
		</control>
		<!-- Row 5 -->
		<control type="button" id="307">
			<description>IP Input button</description>
			<posx>256</posx>
			<posy>498</posy>
			<width>166</width>
			<height>50</height>
			<font>LargeDefaultFont</font>
			<label>$LOCALIZE[1006]</label>
			<texturefocus border="10" flipy="true">KeyboardArrows2.png</texturefocus>
			<texturenofocus border="10" flipy="true">-</texturenofocus>
			<onleft>300</onleft>
			<onright>32</onright>
			<onup>304</onup>
			<ondown>305</ondown>
			<align>center</align>
			<aligny>center</aligny>
		</control>
		<control type="button" id="32">
			<description>SPACE button</description>
			<posx>424</posx>
			<posy>498</posy>
			<width>306</width>
			<height>50</height>
			<font>LargeDefaultCapsFont</font>
			<label>$LOCALIZE[20182]</label>
			<onleft>307</onleft>
			<onright>8</onright>
			<onup>85</onup>
			<ondown>53</ondown>
			<texturefocus border="10">KeyboardLetters2.png</texturefocus>
			<texturenofocus border="10">-</texturenofocus>
			<align>center</align>
			<aligny>center</aligny>
		</control>
		<control type="button" id="8">
			<description>BACKSPACE button</description>
			<posx>732</posx>
			<posy>498</posy>
			<width>152</width>
			<height>50</height>
			<font>LargeDefaultFont</font>
			<label>$LOCALIZE[20181]</label>
			<onleft>32</onleft>
			<onright>300</onright>
			<onup>88</onup>
			<ondown>56</ondown>
			<texturefocus border="10">KeyboardLetters2.png</texturefocus>
			<texturenofocus border="10">-</texturenofocus>
			<align>center</align>
			<aligny>center</aligny>
		</control>
		<control type="button" id="300">
			<description>DONE button</description>
			<posx>886</posx>
			<posy>498</posy>
			<width>148</width>
			<height>50</height>
			<font>LargeDefaultCapsFont</font>
			<label>$LOCALIZE[20177]</label>
			<onleft>8</onleft>
			<onright>307</onright>
			<onup>90</onup>
			<ondown>306</ondown>
			<texturefocus border="10" flipx="true" flipy="true">KeyboardArrows2.png</texturefocus>
			<texturenofocus border="10" flipx="true" flipy="true">-</texturenofocus>
			<align>center</align>
			<aligny>center</aligny>
		</control>
	</controls>
</window>
