<?xml version="1.0"?>
<window id="2003">
	<defaultcontrol always="true">10</defaultcontrol>
	<allowoverlay>no</allowoverlay>
	<coordinates>
		<system>1</system>
		<posx>0</posx>
		<posy>0</posy>
	</coordinates>
	<include>DialogFade</include>
	<controls>
		<include>DialogFadeBG</include>
		<control type="group">
			<include>InfoDialogPos</include>
			<include>InfoDialogBG</include>
			<!-- MOVIES & TV SHOWS LEFT SIDE -->
			<control type="group">
				<visible>Container.Content(movies) | Container.Content(tvshows) | Container.Content(episodes)</visible>
				<!-- POSTER MOVIES & SHOWS -->
				<control type="group">
					<posx>80</posx>
					<posy>70</posy>
					<visible>[!IsEmpty(ListItem.Art(thumb)) | !Skin.HasSetting(HideNoThumbIcon)] + !Container.Content(episodes)</visible>
					<!-- shadow -->
					<control type="image">
						<posy>-5</posy>
						<posx>-5</posx>
						<width>258</width>
						<height>380</height>
						<aspectratio align="center" aligny="top">stretch</aspectratio>
						<texture border="50">bigPosterFrameShadow.png</texture>
					</control>
					<!-- border -->
					<control type="image">
						<posy>-3</posy>
						<posx>-3</posx>
						<width>250</width>
						<height>372</height>
						<aspectratio align="center" aligny="top">stretch</aspectratio>
						<texture>bigPosterMask.png</texture>
						<colordiffuse>FF222222</colordiffuse>
						<visible>!Skin.HasSetting(hideposterborders)</visible>
					</control>
					<control type="image">
						<description>Poster</description>
						<width>244</width>
						<height>366</height>
						<texture background="true" diffuse="bigPosterMask.png">amt-blank-poster.png</texture>
						<info>ListItem.Art(thumb)</info>
						<aspectratio scalediffuse="false" align="center" aligny="top">scale</aspectratio>
					</control>
					<control type="image">
						<description>Poster reflection</description>
						<posx>0</posx>
						<posy>370</posy>
						<width>244</width>
						<height>366</height>
						<texture flipy="true" diffuse="DiffuseMirror3.png">amt-blank-poster.png</texture>
						<info>ListItem.Art(thumb)</info>
						<aspectratio aligny="top">scale</aspectratio>
					</control>
				</control>
				<!-- THUMB EPISODES -->
				<control type="group">
					<posx>50</posx>
					<posy>200</posy>
					<visible>[!IsEmpty(ListItem.Art(thumb)) | !Skin.HasSetting(HideNoThumbIcon)] + Container.Content(episodes)</visible>
					<!-- shadow -->
					<control type="image">
						<posy>-5</posy>
						<posx>-5</posx>
						<width>300</width>
						<height>186</height>
						<aspectratio align="center" aligny="top">stretch</aspectratio>
						<texture border="50">bigPosterFrameShadow.png</texture>
					</control>
					<!-- border -->
					<control type="image">
						<posy>-3</posy>
						<posx>-3</posx>
						<width>310</width>
						<height>176</height>
						<aspectratio align="center" aligny="top">stretch</aspectratio>
						<texture>bigPosterMask.png</texture>
						<colordiffuse>FF222222</colordiffuse>
						<visible>!Skin.HasSetting(hideposterborders)</visible>
					</control>
					<control type="image">
						<description>Poster</description>
						<width>304</width>
						<height>170</height>
						<texture background="true" diffuse="bigPosterMask.png">amt-blank-poster.png</texture>
						<info>ListItem.Art(thumb)</info>
						<aspectratio scalediffuse="false" align="center" aligny="top">scale</aspectratio>
					</control>
					<control type="image">
						<description>Poster reflection</description>
						<posx>0</posx>
						<posy>172</posy>
						<width>304</width>
						<height>170</height>
						<texture flipy="true" diffuse="DiffuseMirror3.png">amt-blank-poster.png</texture>
						<info>ListItem.Art(thumb)</info>
						<aspectratio aligny="top">scale</aspectratio>
					</control>
				</control>
				<!-- BUTTONS -->
				<control type="group">
					<visible>Container.Content(movies) | Container.Content(tvshows) | Container.Content(episodes)</visible>
					<posy>15</posy>
					<posx>420</posx>
					<control type="label">
						<description>Movie title</description>
						<posy>20</posy>
						<posx>10</posx>
						<label>$INFO[ListItem.Title] ($INFO[ListItem.Year])</label>
						<include>InfoDialogTitle</include>
						<visible>!Container.Content(episodes)</visible>
					</control>
					<control type="grouplist" id="111">
						<orientation>horizontal</orientation>
						<itemgap>0</itemgap>
						<posx>25</posx>
						<posy>InfoDialogTopButtonsPosY</posy>
						<control type="button" id="8">
							<description>Play</description>
							<width>95</width>
							<onright>9</onright>
							<onleft>12</onleft>
							<label>$LOCALIZE[208]</label>
							<disabledcolor>-</disabledcolor>
							<textoffsety>3</textoffsety>
							<include>VideoInfoButton</include>
							<visible>!Control.IsEnabled(9) + [Container.Content(movies) | Container.Content(episodes)]</visible>
						</control>
						<control type="button" id="9">
							<description>Resume</description>
							<width>95</width>
							<onright>5</onright>
							<onleft>8</onleft>
							<label>$LOCALIZE[13404]</label>
							<disabledcolor>-</disabledcolor>
							<textoffsety>3</textoffsety>
							<include>VideoInfoButton</include>
							<visible>[Container.Content(movies) | Container.Content(episodes)] + Control.IsEnabled(9)</visible>
						</control>
						<control type="button" id="5">
							<description>Cast/Plot</description>
							<width>95</width>
							<onright>10</onright>
							<onleft>8</onleft>
							<label>$LOCALIZE[206]</label>
							<textoffsety>3</textoffsety>
							<include>VideoInfoButton</include>
						</control>
						<control type="button" id="6">
							<description>Refresh</description>
							<width>95</width>
							<onright>10</onright>
							<onleft>5</onleft>
							<label>$LOCALIZE[184]</label>
							<textoffsety>3</textoffsety>
							<include>VideoInfoButton</include>
						</control>
						<control type="button" id="10">
							<description>Art</description>
							<width>95</width>
							<onright>12</onright>
							<onleft>6</onleft>
							<label>$LOCALIZE[13511]</label>
							<textoffsety>3</textoffsety>
							<include>VideoInfoButton</include>
						</control>
						<control type="button" id="13">
							<description>Banner</description>
							<width>95</width>
							<onright>8</onright>
							<onleft>12</onleft>
							<label>$LOCALIZE[31128]</label>
							<textoffsety>3</textoffsety>
							<include>VideoInfoButton</include>
							<visible>Container.Content(tvshows)</visible>
						</control>
					</control>
					<control type="group">
						<visible>Container.Content(movies)</visible>
						<posx>10</posx>
						<posy>104</posy>
						<include>VideoInfoBasicDetails</include>
						<control type="group">
							<description>MPAA rating</description>
							<posy>VideoInfoPosYAfterBasicDetails</posy>
							<control type="label">
								<description>Caption</description>
								<label>$LOCALIZE[31123]</label>
								<include>MediaInfoCaption</include>
							</control>
							<control type="label">
								<description>Value</description>
								<info>ListItem.MPAA</info>
								<include>MediaInfoWideValue</include>
							</control>
							
							<control type="group">
								<description>Runtime</description>
								<posy>VideoInfoDetailsGap</posy>
								<control type="label">
									<description>Caption</description>
									<label>$LOCALIZE[2050]</label>
									<include>MediaInfoCaption</include>
								</control>
								<control type="label">
									<description>Value</description>
									<info>ListItem.DurationStr</info>
									<include>MediaInfoWideValue</include>
								</control>
							</control>
							<control type="group">
								<description>Country</description>
								<posy>60</posy>
								<control type="label">
									<description>Caption</description>
									<label>$LOCALIZE[21875]:</label>
									<include>MediaInfoCaption</include>
								</control>
								<control type="label">
									<description>Value</description>
									<info>ListItem.Property(firstCountry)</info>
									<include>MediaInfoWideValue</include>
								</control>
							</control>
							<control type="group">
								<description>Cast/Plot</description>
								<posy>91</posy>
								<control type="label">
									<description>Caption</description>
									<label>$LOCALIZE[206]</label>
									<include>MediaInfoCaption</include>
									<visible>Control.IsVisible(50)</visible>
								</control>
							</control>
						</control>
					</control>
				</control>
			</control>
			<!-- TV SHOWS -->
			<control type="group">
				<visible>Container.Content(tvshows)</visible>
				<control type="group">
					<control type="group">
						<posx>430</posx>
						<posy>120</posy>
						<include>VideoInfoBasicDetails</include>
						<control type="group">
							<description>First aired</description>
							<posy>VideoInfoPosYAfterBasicDetails</posy>
							<control type="label">
								<description>Caption</description>
								<label>$LOCALIZE[20416]</label>
								<include>MediaInfoCaption</include>
							</control>
							<control type="label">
								<description>Value</description>
								<info>ListItem.Property(originallyAvailableAt)</info>
								<include>MediaInfoWideValue</include>
							</control>
						</control>
						<control type="group">
							<posx>-436</posx>
							<posy>138</posy>
							<visible>!IsEmpty(ListItem.Property(unwatchedepisodes)) | !IsEmpty(ListItem.Property(watchedepisodes))</visible>
							<control type="label">
								<include>TVShowInfoEpsLabelDims</include>
								<label>$LOCALIZE[20360]</label>
								<include>MediaInfoCaption</include>
							</control>
							<control type="label">
								<include>TVUnwatchedEpisodesDetailsFO</include>
							</control>
							<control type="image">
								<include>TVUnwatchedEpisodesDetailsImage</include>
							</control>
							<control type="label">
								<include>TVWatchedEpisodesDetailsFO</include>
							</control>
							<control type="image">
								<include>TVWatchedEpisodesDetailsImage</include>
							</control>
						</control>
					</control>
				</control>
			</control>
			<!-- EPISODES -->
			<control type="group">
				<visible>Container.Content(episodes)</visible>
				<control type="group">
					<posx>InfoDialogTitleXOffset</posx>
					<control type="label">
						<posx>0</posx>
						<posy>35</posy>
						<description>TV Show title</description>
						<label>$INFO[ListItem.TVShowTitle]</label>
						<include>InfoDialogTitle</include>
					</control>
					<control type="group">
						<posx>0</posx>
						<posy>120</posy>
						<control type="group">
							<description>Episode Title</description>
							<control type="label">
								<description>Caption</description>
								<label>$LOCALIZE[556]</label>
								<include>MediaInfoCaption</include>
							</control>
							<control type="label">
								<description>Value</description>
								<info>ListItem.Title</info>
								<include>MediaInfoWideValue</include>
							</control>
							<control type="group">
								<description>Episode No.</description>
								<posy>VideoInfoDetailsGap</posy>
								<control type="label">
									<description>Caption</description>
									<label>$LOCALIZE[31114]</label>
									<include>MediaInfoCaption</include>
								</control>
								<control type="label">
									<description>Value</description>
									<info>ListItem.Episode</info>
									<include>MediaInfoWideValue</include>
								</control>
								<control type="group">
									<description>Season no.</description>
									<posy>VideoInfoDetailsGap</posy>
									<control type="label">
										<description>Caption</description>
										<label>$LOCALIZE[20373]</label>
										<include>MediaInfoCaption</include>
									</control>
									<control type="label">
										<description>Value</description>
										<info>ListItem.Season</info>
										<include>MediaInfoWideValue</include>
									</control>
									<control type="group">
										<description>Writer</description>
										<posy>VideoInfoDetailsGap</posy>
										<control type="label">
											<description>Caption</description>
											<label>$LOCALIZE[20417]</label>
											<include>MediaInfoCaption</include>
										</control>
										<control type="label">
											<description>Value</description>
											<info>ListItem.Writer</info>
											<include>MediaInfoWideValue</include>
										</control>
										<control type="group">
											<description>Director</description>
											<posy>VideoInfoDetailsGap</posy>
											<control type="label">
												<description>Caption</description>
												<label>$LOCALIZE[20339]</label>
												<include>MediaInfoCaption</include>
											</control>
											<control type="label">
												<description>Value</description>
												<info>ListItem.Director</info>
												<include>MediaInfoWideValue</include>
											</control>
											<control type="group">
												<description>Rating</description>
												<posy>VideoInfoDetailsGap</posy>
												<control type="label">
													<description>Caption</description>
													<label>$LOCALIZE[563]</label>
													<include>MediaInfoCaption</include>
												</control>
												<control type="image">
													<description>Star Rating</description>
													<align>left</align>
													<info>ListItem.StarRating</info>
													<aspectratio>keep</aspectratio>
													<width>100</width>
													<height>18</height>
													<posy>4</posy>
													<posx>90</posx>
													<colordiffuse>$INFO[ListItem.StarDiffuse]</colordiffuse>
												</control>
											</control>
										</control>
									</control>
								</control>
							</control>
						</control>
					</control>
				</control>
			</control>
		</control>
		<control type="group">
			<posx>573</posx>
			<posy>392</posy>
			<control type="textbox" id="4">
				<description>Plot</description>
				<width>500</width>
				<height>218</height>
				<info>ListItem.Plot</info>
			</control>
			<control type="list" id="50">
				<description>Cast</description>
				<posy>0</posy>
				<width>600</width>
				<height>234</height>
				<onup>5</onup>
				<ondown>5</ondown>
				<onleft>8</onleft>
				<onright>10</onright>
				<orientation>vertical</orientation>
				<pagecontrol>6</pagecontrol>
				<scrolltime>200</scrolltime>
				<itemlayout width="345" height="29">
					<control type="label">
						<info>ListItem.Label</info>
						<include>MediaInfoWideValue</include>
					</control>
				</itemlayout>
				<focusedlayout width="345" height="29">
					<control type="label">
						<info>ListItem.Label</info>
						<include>MediaInfoWideValue</include>
						<visible>!Control.HasFocus(50)</visible>
					</control>
					<control type="label">
						<info>ListItem.Label</info>
						<include>MediaInfoWideValue</include>
						<textcolor>Highlighted</textcolor>
						<visible>Control.HasFocus(50)</visible>
					</control>
				</focusedlayout>
			</control>
			<control type="image">
				<include>VideoInfoCastThumbDims</include>
				<aspectratio>keep</aspectratio>
				<bordertexture>Grey.png</bordertexture>
				<bordersize>1</bordersize>
				<info>Container(50).ListItem.Art(thumb)</info>
				<colordiffuse>ffcccccc</colordiffuse>
				<visible>Control.HasFocus(50) + ![Container(50).OnNext | Container(50).OnPrevious]</visible>
				<animation effect="fade" start="0" end="100" time="100" delay="100">Visible</animation>
			</control>
		</control>
	</controls>
</window>
