<?xml version="1.0"?>
<window id="129">
	<defaultcontrol>10</defaultcontrol>
	<controls>
		<include>DialogFade</include>
		<control type="group">
			<include>SelectionDialogPos</include>
			<include>SelectionDialogBG</include>
			<control type="label" id="2">
				<description>Heading</description>
				<include>SelectionDialogTitle</include>
			</control>
			<control type="group">
				<include>SelectionDialogControlsPos</include>
				<control type="label" id="412">
					<description>Path Label</description>
					<width>SelectionDialogShortTextWidth</width>
					<label>$LOCALIZE[1021]</label>
					<include>SelectionDialogCaption</include>
				</control>
				<!-- source list -->
				<control type="list" id="10">
					<posx>0</posx>
					<posy>28</posy>
					<width>SelectionDialogShortTextWidth</width>
					<height>140</height>
					<onleft>10</onleft>
					<onright>9000</onright>
					<onup>10</onup>
					<ondown>12</ondown>
					<scrolltime>200</scrolltime>
					<itemlayout height="28">
						<control type="label">
							<posx>4</posx>
							<width>SelectionDialogShortTextWidth</width>
							<info>ListItem.Label</info>
							<textcolor>Unfocused</textcolor>
						</control>
					</itemlayout>
					<focusedlayout height="28">
						<control type="image">
							<posx>-4</posx>
							<posy>2</posy>
							<width>SelectionDialogShortTextWidth</width>
							<height>28</height>
							<texture>HomeBladeSubFO2.png</texture>
						</control>
						<control type="label">
							<posx>4</posx>
							<width>SelectionDialogShortTextWidth</width>
							<info>ListItem.Label</info>
							<textcolor>Focused</textcolor>
						</control>
					</focusedlayout>
				</control>
				<control type="grouplist" id="9000">
					<posx>MediaSourceLocationButtonsGroupPosX</posx>
					<posy>0</posy>
					<onleft>10</onleft>
					<orientation>vertical</orientation>
					<itemgap>8</itemgap>
					<control type="button" id="11">
						<description>Browse Button</description>
						<label>$LOCALIZE[1024]</label>
						<include>MediaSourceDialogButton</include>
					</control>
					<control type="button" id="13">
						<description>Add Button</description>
						<label>$LOCALIZE[15019]</label>
						<include>MediaSourceDialogButton</include>
					</control>
					<control type="button" id="14">
						<description>Remove Button</description>
						<label>$LOCALIZE[1210]</label>
						<include>MediaSourceDialogButton</include>
					</control>
				</control>
				<control type="group">
					<posy>168</posy>
					<control type="label" id="0">
						<description>Name Label</description>
						<width>SelectionDialogTextWidth</width>
						<label>$LOCALIZE[1022]</label>
						<include>SelectionDialogCaption</include>
					</control>
					<!-- name text field -->
					<control type="button" id="12">
						<description>Name Info</description>
						<posx>-4</posx>
						<posy>30</posy>
						<width>SelectionDialogTextWidth</width>
						<onup>10</onup>
						<ondown>100</ondown>
						<onright>9000</onright>
						<include>DialogTextControl</include>
					</control>
				</control>
				<control type="grouplist" id="100">
					<include>MediaSourceBottomBtnsDims</include>
					<onup>12</onup>
					<onright>9000</onright>
					<orientation>horizontal</orientation>
					<itemgap>8</itemgap>
					<control type="button" id="20">
						<description>Content Button</description>
						<width>MediaSourceSetContentBtnWidth</width>
						<label>$LOCALIZE[20333]</label>
						<include>MediaSourceDialogButton</include>
					</control>
					<control type="button" id="18">
						<description>Ok Button</description>
						<label>$LOCALIZE[186]</label>
						<include>MediaSourceDialogButton</include>
					</control>
					<control type="button" id="19">
						<description>Cancel Button</description>
						<label>$LOCALIZE[222]</label>
						<include>MediaSourceDialogButton</include>
					</control>
				</control>
			</control>
		</control>
	</controls>
</window>
