<window>
	<defaultcontrol always="true">20</defaultcontrol>
	<coordinates>
		<system>1</system>
		<posx>335</posx>
		<posy>30</posy>
	</coordinates>
	
	<include>DialogFade</include>
	
	<controls>
		<control type="group">
		<include>SelectionDialogControlsPos</include>
			<include>SelectionDialogPos</include>
			<include>SelectionDialogBG</include>
			
			<control type="label" id="1">
				<description>Heading</description>
				<label>$LOCALIZE[35000]</label>
				<include>SelectionDialogTitle</include>
			</control>
			
			<control type="button">
				<description>Close Window button</description>
				<posx>520</posx>
				<posy>15</posy>
				<width>64</width>
				<height>32</height>
				<label>-</label>
				<font>-</font>
				<onclick>PreviousMenu</onclick>
				<texturefocus>DialogCloseButton-focus.png</texturefocus>
				<texturenofocus>DialogCloseButton.png</texturenofocus>
				<onleft>10</onleft>
				<onright>10</onright>
				<onup>10</onup>
				<ondown>10</ondown>
				<visible>system.getbool(input.enablemouse)</visible>
			</control>

			<control type="list" id="20">
				<posx>20</posx>
				<posy>65</posy>
				<width>550</width>
				<height>230</height>
				<onup>20</onup>
				<ondown>20</ondown>
				<onleft>10</onleft>
				<onright>61</onright>
				<pagecontrol>61</pagecontrol>
				<scrolltime>200</scrolltime>

				<itemlayout height="85" width="550">
					
					
					<control type="image">
							<width>555</width>
							<height>85</height>
							<texture>HomeBladeSubFO2b.png</texture>
						</control>
					
					<control type="label">
						<description>Name</description>
						<posx>10</posx>
						<posy>5</posy>
						<width>520</width>
						<height>20</height>
						<label>$INFO[ListItem.Label]</label>
						<align>left</align>
						<aligny>center</aligny>
						<font>font13</font>
						<textcolor>white</textcolor>
					</control>
					<control type="label">
						<description>Product ID Vendor ID</description>
						<posx>10</posx>
						<posy>30</posy>
						<width>520</width>
						<height>20</height>
						<label>$LOCALIZE[35504]:  [COLOR=white]$INFO[ListItem.Property(Product)][/COLOR]    $LOCALIZE[35503]:  [COLOR=white]$INFO[ListItem.Property(Vendor)][/COLOR]</label>
						<align>left</align>
						<aligny>center</aligny>
						<font>font12</font>
						<textcolor>white</textcolor>
					</control>
					<control type="label">
						<description>class</description>
						<posx>10</posx>
						<posy>50</posy>
						<width>520</width>
						<height>20</height>
						<label>$LOCALIZE[35501]:  [COLOR=white]$INFO[ListItem.Property(Class)][/COLOR]     $LOCALIZE[19114]:  [COLOR=white]$INFO[ListItem.Property(Version)][/COLOR]</label>
						<align>left</align>
						<aligny>center</aligny>
						<font>font12</font>
						<textcolor>white</textcolor>
					</control>
				</itemlayout>
				<focusedlayout height="85" width="550">
					<control type="image">
						<posx>0</posx>
						<posy>0</posy>
						<width>550</width>
						<height>80</height>
						<texture border="5">HomeBladeSubFO2b.png</texture>
						<visible>!Control.HasFocus(20)</visible>
						<include>VisibleFadeEffect</include>
					</control>
					<control type="image">
						<posx>0</posx>
						<posy>0</posy>
						<width>550</width>
						<height>80</height>
						<texture border="5">button-focus2.png</texture>
						<visible>Control.HasFocus(20)</visible>
						<include>VisibleFadeEffect</include>
					</control>
					<control type="label">
						<description>Name</description>
						<posx>10</posx>
						<posy>5</posy>
						<width>520</width>
						<height>20</height>
						<label>$INFO[ListItem.Label]</label>
						<align>left</align>
						<aligny>center</aligny>
						<font>font13</font>
						<textcolor>white</textcolor>
					</control>
					<control type="label">
						<description>Product ID Vendor ID</description>
						<posx>10</posx>
						<posy>30</posy>
						<width>520</width>
						<height>20</height>
						<label>$LOCALIZE[35504]:  [COLOR=white]$INFO[ListItem.Property(Product)][/COLOR]    $LOCALIZE[35503]:  [COLOR=white]$INFO[ListItem.Property(Vendor)][/COLOR]</label>
						<align>left</align>
						<aligny>center</aligny>
						<font>font12</font>
						<textcolor>white</textcolor>
					</control>
					<control type="label">
						<description>class</description>
						<posx>10</posx>
						<posy>50</posy>
						<width>520</width>
						<height>20</height>
						<label>$LOCALIZE[35501]:  [COLOR=white]$INFO[ListItem.Property(Class)][/COLOR]     $LOCALIZE[19114]:  [COLOR=white]$INFO[ListItem.Property(Version)][/COLOR]</label>
						<align>left</align>
						<aligny>center</aligny>
						<font>font12</font>
						<textcolor>white</textcolor>
					</control>
				</focusedlayout>
			</control>

			<control type="scrollbar" id="61">
				<posx>570</posx>
				<posy>65</posy>
				<width>25</width>
				<height>230</height>
				<texturesliderbackground border="0,14,0,14">ScrollBarV.png</texturesliderbackground>
				<texturesliderbar border="0,14,0,14">ScrollBarV_bar.png</texturesliderbar>
				<texturesliderbarfocus border="0,14,0,14">ScrollBarV_bar_focus.png</texturesliderbarfocus>
				<textureslidernib>ScrollBarNib.png</textureslidernib>
				<textureslidernibfocus>ScrollBarNib.png</textureslidernibfocus>
				<onleft>20</onleft>
				<onright>10</onright>
				<ondown>61</ondown>
				<onup>61</onup>
				<showonepage>false</showonepage>
				<orientation>vertical</orientation>
			</control>
			<control type="label">
				<description>number of files/pages in list text label</description>
				<posx>580</posx>
				<posy>300</posy>
				<width>300</width>
				<height>35</height>
				<font>font12</font>
				<align>right</align>
				<aligny>center</aligny>
				<scroll>true</scroll>
				<textcolor>white</textcolor>
				<label>([COLOR=white]$INFO[Container(20).NumItems][/COLOR]) $LOCALIZE[31025] - $LOCALIZE[31024] ([COLOR=white]$INFO[Container(20).CurrentPage]/$INFO[Container(20).NumPages][/COLOR])</label>
			</control>
			<control type="button" id="10">
				<description>OK button</description>
				<posx>20</posx>
				<posy>300</posy>
				<width>200</width>
				<height>40</height>
				<label>186</label>
				<font>font12_title</font>
				<textcolor>white</textcolor>
				<focusedcolor>white</focusedcolor>
				<align>center</align>
				<onleft>61</onleft>
				<onright>20</onright>
				<onup>20</onup>
				<ondown>20</ondown>
			</control>
		</control>
	</controls>
</window>
