<?xml version="1.0"?>
<window id="200">
	<coordinates>
		<system>1</system>
		<posx>0</posx>
		<posy>0</posy>
	</coordinates>
	<controls>
		<control type="image">
			<description>Background Overlay</description>
			<include>FullScreenOverlayDims</include>
			<aspectratio>stretch</aspectratio>
			<texture>BlackTransparent.png</texture>
			<colordiffuse>99cccccc</colordiffuse>
			<include>DialogQuickFade</include>
		</control>
		<control type="group">
			<posx>448</posx>
			<posy>250</posy>
			<include>DialogQuickFade</include>
			<control type="image">
				<texture>DialogContextTop.png</texture>
				<posx>0</posx>
				<posy>0</posy>
				<width>384</width>
				<height>37</height>
			</control>
			<control type="image">
				<texture>DialogContextMiddle.png</texture>
				<posx>0</posx>
				<posy>37</posy>
				<width>384</width>
				<height>130</height>
			</control>
			<control type="image">
				<texture>DialogContextBottom.png</texture>
				<posx>0</posx>
				<posy>167</posy>
				<width>384</width>
				<height>12</height>
			</control>
			<control type="label" id="1">
				<posy>16</posy>
				<width>384</width>
				<align>center</align>
				<font>TitleCapsFont</font>
				<label>Set Rating</label>
			</control>
			<control type="label" id="2">
				<posy>60</posy>
				<width>384</width>
				<align>center</align>
				<label>Set Rating</label>
			</control>
			<control type="image" id="10">
				<posx>48</posx>
				<posy>88</posy>
				<texture>rating0.png</texture>
				<colordiffuse>FFFFCC00</colordiffuse>
			</control>
		</control>
	</controls>
</window>
