<?xml version="1.0"?>
<window id="2000">
	<defaultcontrol>3</defaultcontrol>
	<controls>
		<include>DialogFade</include>
		<control type="group">
			<include>SelectionDialogPos</include>
			<include>SelectionDialogBG</include>
			<control type="label" id="1">
				<description>Heading</description>
				<label>$LOCALIZE[1023]</label>
				<include>SelectionDialogTitle</include>
			</control>
			<control type="group">
				<include>SelectionDialogControlsPos</include>
				<control type="scrollbar" id="61">
					<onup>61</onup>
					<ondown>61</ondown>
					<onright>5</onright>
					<height>226</height>
				</control>
				<control type="list" id="3">
					<posx>18</posx>
					<width>550</width>
					<height>226</height>
					<onleft>61</onleft>
					<onright>5</onright>
					<onup>3</onup>
					<ondown>3</ondown>
					<pagecontrol>61</pagecontrol>
					<scrolltime>200</scrolltime>
					<itemlayout height="28">
						<control type="label">
							<width>535</width>
							<info>ListItem.Label</info>
							<textoffsetx>20</textoffsetx>
							<textcolor>Unfocused</textcolor>
						</control>
					</itemlayout>
					<focusedlayout height="28">						
						<control type="image">
							<width>535</width>
							<height>28</height>
							<texture>HomeBladeSubFO2b.png</texture>
						</control>
						<control type="label">
							<width>535</width>
							<info>ListItem.Label</info>
							<textoffsetx>20</textoffsetx>
							<textcolor>Focused</textcolor>
						</control>
					</focusedlayout>
				</control>
			</control>
		</control>
	</controls>
</window>
