<fonts>
	<aliases>
    <alias font="HelveticaNeue" variant="Condensed Bold" alias="Arial" aliasStyle="bold" />
    <alias font="HelveticaNeue" variant="Medium" alias="Arial" aliasStyle="normal" />
    <alias font="HelveticaNeue" variant="Regular" alias="Arial" aliasStyle="normal" />
    <alias font="HelveticaNeue" variant="Bold" alias="Arial" aliasStyle="bold" />
    <alias font="HelveticaNeue" variant="" alias="Arial" aliasStyle="normal" />
    <alias font="Helvetica" variant="Condensed Bold" alias="Arial" aliasStyle="bold" />
    <alias font="Helvetica" variant="Bold" alias="Arial" aliasStyle="bold" />
    <alias font="Helvetica" variant="Regular" alias="Arial" aliasStyle="normal" />
  </aliases>

  <fontset id="Default" unicode="false">
		<!-- -->
		<font>
			<name>LanguageString</name>
			<filename>Arial.ttf</filename>
			<size>18</size>
		</font>
		<!-- Search fonts -->
		<font>
			<name>LargeSearchFont</name>
			<filename>HelveticaNeue</filename>
			<variant>Condensed Bold</variant>
			<size>35</size>
		</font>
		<font>
			<name>MediumSearchFont</name>
			<filename>HelveticaNeue</filename>
			<variant>Condensed Bold</variant>
			<size>30</size>
		</font>
		<font>
			<name>SearchResult</name>
			<filename>HelveticaNeue</filename>
			<variant>Condensed Bold</variant>
			<size>16</size>
		</font>
		<font>
			<name>SearchResultSmaller</name>
			<filename>HelveticaNeue</filename>
			<variant>Condensed Bold</variant>
			<size>14</size>
		</font>
		<font>
			<name>SearchResultSmall</name>
			<filename>HelveticaNeue</filename>
			<variant>Medium</variant>
			<size>13</size>
		</font>
		<!-- Jay's Fonts -->
		<font>
			<name>LargeTitleFont</name>
			<filename>HelveticaNeue</filename>
			<variant>Condensed Bold</variant>
			<size>26</size>
		</font>
		<font>
			<name>MediaPreviewYear</name>
			<filename>HelveticaNeue</filename>
			<variant>Regular</variant>
			<size>18</size>
		</font>
		<font>
			<name>MediaPreviewSummary</name>
			<filename>HelveticaNeue</filename>
			<variant>Regular</variant>
			<size>18</size>
		</font>
		<font>
			<name>MediaPreviewDetailsHeader</name>
			<filename>HelveticaNeue</filename>
			<variant>Condensed Bold</variant>
			<size>17</size>
		</font>
		<font>
			<name>EpisodeTitles</name>
			<filename>HelveticaNeue</filename>
			<variant>Condensed Bold</variant>
			<size>17</size>
		</font>
		<!-- Default fonts -->
		<font>
			<name>NPArtistFont</name>
			<filename>Helvetica</filename>
			<variant>Bold</variant>
			<size>32</size>
		</font>
		<font>
			<name>NPTitleFont</name>
			<filename>Helvetica</filename>
			<variant>Bold</variant>
			<size>16</size>
		</font>
		<font>
			<name>NPAlbumFont</name>
			<filename>Helvetica</filename>
			<variant>Bold</variant>
			<size>20</size>
		</font>
		<font>
			<name>PIN</name>
			<filename>Helvetica</filename>
			<variant>Bold</variant>
			<size>144</size>
		</font>
		<font>
			<name>Login</name>
			<filename>HelveticaNeue</filename>
			<variant>Regular</variant>
			<size>24</size>
		</font>
		<font>
			<name>NPNextFont</name>
			<filename>Helvetica</filename>
			<variant>Regular</variant>
			<size>20</size>
		</font>
		<font>
			<name>XLargeDefaultFont</name>
			<filename>Helvetica</filename>
			<variant>Regular</variant>
			<size>32</size>
		</font>
		<font>
			<name>XLargeDefaultCapsFont</name>
			<filename>Helvetica</filename>
			<variant>Condensed Bold</variant>
			<size>32</size>
		</font>
		<font>
			<name>LargeDefaultFont</name>
			<filename>Helvetica</filename>
			<variant>Regular</variant>
			<size>24</size>
		</font>
		<font>
			<name>LargeDefaultCapsFont</name>
			<filename>Helvetica</filename>
			<variant>Regular</variant>
			<size>24</size>
		</font>
		<font>
			<name>MediumDefaultFont</name>
			<filename>HelveticaNeue</filename>
			<variant>Regular</variant>
			<size>18</size>
		</font>
		<font>
			<name>MediumAltDefaultFont</name>
			<filename>HelveticaNeue</filename>
			<variant>Regular</variant>
			<size>18</size>
		</font>
		<font>
			<name>MediumDefaultCapsFont</name>
			<filename>HelveticaNeue</filename>
			<variant>Regular</variant>
			<size>18</size>
		</font>
		<font>
			<name>MediumSmallDefaultFont</name>
			<filename>HelveticaNeue</filename>
			<variant>Regular</variant>
			<size>18</size>
		</font>
		<font>
			<name>MediumSmallAltDefaultFont</name>
			<filename>HelveticaNeue</filename>
			<variant>Regular</variant>
			<size>18</size>
		</font>
		<font>
			<name>MediumSmallDefaultCapsFont</name>
			<filename>HelveticaNeue</filename>
			<variant>Regular</variant>
			<size>20</size>
		</font>
		<font>
			<name>DefaultFont</name>
			<filename>HelveticaNeue</filename>
			<variant>Regular</variant>
			<size>18</size>
		</font>
		<font>
			<name>AltDefaultFont</name>
			<filename>Helvetica</filename>
			<variant>Regular</variant>
			<size>16</size>
		</font>
		<font>
			<name>DefaultCapsFont</name>
			<filename>HelveticaNeue</filename>
			<variant>Regular</variant>
			<size>16</size>
		</font>
		<font>
			<name>SmallDefaultFont</name>
			<filename>Helvetica</filename>
			<variant>Regular</variant>
			<size>14</size>
		</font>
		<!-- Popup dialog font and 02:12 duration -->
		<font>
			<name>SmallDefaultCapsFont</name>
			<filename>HelveticaNeue</filename>
			<variant>Regular</variant>
			<size>15</size>
		</font>
		<font>
			<name>SmallerDefaultFont</name>
			<filename>HelveticaNeue</filename>
			<variant>Regular</variant>
			<size>12</size>
		</font>
		<font>
			<name>SmallerDefaultCapsFont</name>
			<filename>HelveticaNeue</filename>
			<variant>Regular</variant>
			<size>12</size>
		</font>
		<!-- Title fonts -->
		<font>
			<name>XXXLargeTitleCapsFont</name>
			<filename>HelveticaNeue</filename>
			<variant>Condensed Bold</variant>
			<size>45</size>
		</font>
		<font>
			<name>XXXXLargeTitleCapsFont</name>
			<filename>HelveticaNeue</filename>
			<variant>Condensed Bold</variant>
			<size>64</size>
		</font>
		<font>
			<name>XLargeTitleFont</name>
			<filename>HelveticaNeue</filename>
			<variant>Condensed Bold</variant>
			<size>36</size>
		</font>
		<font>
			<name>XLargeTitleCapsFont</name>
			<filename>HelveticaNeue</filename>
			<variant>Condensed Bold</variant>
			<size>36</size>
		</font>
		<font>
			<name>LargeTitleFont</name>
			<filename>HelveticaNeue</filename>
			<variant>Condensed Bold</variant>
			<size>30</size>
		</font>
		<font>
			<name>LargeTitleCapsFont</name>
			<filename>HelveticaNeue</filename>
			<variant>Condensed Bold</variant>
			<size>30</size>
		</font>
		<font>
			<name>MediumLargeTitleFont</name>
			<filename>HelveticaNeue</filename>
			<variant>Condensed Bold</variant>
			<size>28</size>
		</font>
		<!-- Unselected items on home screen -->
		<font>
			<name>HomeScreenUnselectedItems</name>
			<filename>HelveticaNeue</filename>
			<variant>Condensed Bold</variant>
			<size>23</size>
		</font>
		<!-- InfoList titles -->
		<font>
			<name>MediumLargeTitleCapsFont</name>
			<filename>HelveticaNeue</filename>
			<variant>Condensed Bold</variant>
			<size>23</size>
		</font>
		<font>
			<name>TitleFont</name>
			<filename>HelveticaNeue</filename>
			<variant>Condensed Bold</variant>
			<size>23</size>
		</font>
		<font>
			<name>TitleCapsFont</name>
			<filename>HelveticaNeue</filename>
			<variant>Condensed Bold</variant>
			<size>23</size>
		</font>
		<font>
			<name>MediumTitleFont</name>
			<filename>HelveticaNeue</filename>
			<variant>Condensed Bold</variant>
			<size>21</size>
		</font>
		<!-- Subtitle -->
		<font>
			<name>MediumTitleCapsFont</name>
			<filename>HelveticaNeue</filename>
			<variant>Condensed Bold</variant>
			<size>22</size>
		</font>
		<!-- RSS Feeds -->
		<font>
			<name>RssFeedFont</name>
			<filename>HelveticaNeue</filename>
			<variant>Regular</variant>
			<size>20</size>
		</font>
		<font>
			<name>MediumSmallTitleFont</name>
			<filename>HelveticaNeue</filename>
			<variant>Condensed Bold</variant>
			<size>17</size>
		</font>
		<font>
			<name>MediumSmallTitleFont2</name>
			<filename>HelveticaNeue</filename>
			<variant>Condensed Bold</variant>
			<size>16</size>
		</font>
		<font>
			<name>MediumSmallTitleFont3</name>
			<filename>HelveticaNeue</filename>
			<variant>Condensed Bold</variant>
			<size>14</size>
		</font>
		<font>
			<name>MediumSmallTitleCapsFont</name>
			<filename>HelveticaNeue</filename>
			<variant>Condensed Bold</variant>
			<size>17</size>
		</font>
		<font>
			<name>SmallTitleFont</name>
			<filename>HelveticaNeue</filename>
			<variant>Condensed Bold</variant>
			<size>16</size>
		</font>
		<font>
			<name>SmallTitleCapsFont</name>
			<filename>HelveticaNeue</filename>
			<variant>Regular</variant>
			<size>18</size>
		</font>
		<font>
			<name>SmallTinyTitleFont</name>
			<filename>HelveticaNeue</filename>
			<variant>Condensed Bold</variant>
			<size>12</size>
		</font>
		<font>
			<name>SmallTinyTitleCapsFont</name>
			<filename>HelveticaNeue</filename>
			<variant>Condensed Bold</variant>
			<size>12</size>
		</font>
		<font>
			<name>TinyTitleFont</name>
			<filename>HelveticaNeue</filename>
			<variant>Condensed Bold</variant>
			<size>8</size>
		</font>
		<font>
			<name>TinyTitleCapsFont</name>
			<filename>HelveticaNeue</filename>
			<variant>Condensed Bold</variant>
			<size>8</size>
		</font>
		<!-- Home Screen Fonts -->
		<font>
			<name>HomeMenuFocusFont</name>
			<filename>HelveticaNeue</filename>
			<variant>Condensed Bold</variant>
			<size>42</size>
		</font>
		<font>
			<name>HomeMenuInfoFont</name>
			<filename>HelveticaNeue</filename>
			<variant>Regular</variant>
			<size>16</size>
		</font>
		<!-- Home screen panel font -->
		<font>
			<name>HomeSubMenuFont</name>
			<filename>HelveticaNeue</filename>
			<variant>Regular</variant>
			<size>18</size>
		</font>
		<!-- Video Fonts -->
		<font>
			<name>VideoDetailXFont</name>
			<filename>HelveticaNeue</filename>
			<variant>Regular</variant>
			<size>30</size>
		</font>
		<font>
			<name>VideoDetailXCapsFont</name>
			<filename>HelveticaNeue</filename>
			<variant>Regular</variant>
			<size>30</size>
		</font>
		<!-- Keyboard Focus Font -->
		<font>
			<name>KeyboardFocusFont</name>
			<filename>HelveticaNeue</filename>
			<style>Regular</style>
			<size>26</size>
		</font>
		<font>
			<name>KeyboardFocusCapsFont</name>
			<filename>HelveticaNeue</filename>
			<style>Regular</style>
			<size>26</size>
		</font>
		<!-- font13 needs to be kept to show debug info etc -->
		<font>
			<name>font13</name>
			<filename>HelveticaNeue</filename>
			<size>16</size>
		</font>
	</fontset>
	<fontset id="Unicode" unicode="true">
		<!-- Search fonts -->
		<font>
			<name>LargeSearchFont</name>
			<filename>Arial.ttf</filename>
			<variant>Bold</variant>
			<size>35</size>
		</font>
		<font>
			<name>MediumSearchFont</name>
			<filename>Arial.ttf</filename>
			<variant>Bold</variant>
			<size>30</size>
		</font>
		<font>
			<name>SearchResult</name>
			<filename>Arial.ttf</filename>
			<variant>Bold</variant>
			<size>16</size>
		</font>
		<font>
			<name>SearchResultSmaller</name>
			<filename>Arial.ttf</filename>
			<variant>Bold</variant>
			<size>14</size>
		</font>
		<font>
			<name>SearchResultSmall</name>
			<filename>Arial.ttf</filename>
			<size>13</size>
		</font>
		<!-- UNICODE fonts -->
		<font>
			<name>NPArtistFont</name>
			<filename>Arial.ttf</filename>
			<variant>Bold</variant>
			<size>44</size>
		</font>
		<font>
			<name>NPTitleFont</name>
			<filename>Arial.ttf</filename>
			<variant>Bold</variant>
			<size>32</size>
		</font>
		<font>
			<name>NPAlbumFont</name>
			<filename>Arial.ttf</filename>
			<variant>Regular</variant>
			<size>32</size>
		</font>
		<font>
			<name>NPNextFont</name>
			<filename>Arial.ttf</filename>
			<variant>Regular</variant>
			<size>20</size>
		</font>
		<font>
			<name>XLargeDefaultFont</name>
			<filename>Arial.ttf</filename>
			<size>32</size>
		</font>
		<font>
			<name>XLargeDefaultCapsFont</name>
			<filename>Arial.ttf</filename>
			<size>32</size>
		</font>
		<font>
			<name>LargeDefaultFont</name>
			<filename>Arial.ttf</filename>
			<size>24</size>
		</font>
		<font>
			<name>LargeDefaultCapsFont</name>
			<filename>Arial.ttf</filename>
			<size>24</size>
		</font>
		<font>
			<name>MediumDefaultFont</name>
			<filename>Arial.ttf</filename>
			<size>20</size>
		</font>
		<font>
			<name>MediumAltDefaultFont</name>
			<filename>Arial.ttf</filename>
			<size>20</size>
		</font>
		<font>
			<name>MediumDefaultCapsFont</name>
			<filename>Arial.ttf</filename>
			<size>20</size>
		</font>
		<font>
			<name>MediumSmallDefaultFont</name>
			<filename>Arial.ttf</filename>
			<size>18</size>
		</font>
		<font>
			<name>MediumSmallAltDefaultFont</name>
			<filename>Arial.ttf</filename>
			<size>18</size>
		</font>
		<font>
			<name>MediumSmallDefaultCapsFont</name>
			<filename>Arial.ttf</filename>
			<size>19</size>
		</font>
		<font>
			<name>DefaultFont</name>
			<filename>Arial.ttf</filename>
			<size>16</size>
		</font>
		<font>
			<name>AltDefaultFont</name>
			<filename>Arial.ttf</filename>
			<size>16</size>
		</font>
		<font>
			<name>DefaultCapsFont</name>
			<filename>Arial.ttf</filename>
			<size>16</size>
		</font>
		<font>
			<name>SmallDefaultFont</name>
			<filename>Arial.ttf</filename>
			<size>14</size>
		</font>
		<font>
			<name>SmallDefaultCapsFont</name>
			<filename>Arial.ttf</filename>
			<size>14</size>
		</font>
		<font>
			<name>SmallerDefaultFont</name>
			<filename>Arial.ttf</filename>
			<size>12</size>
		</font>
		<font>
			<name>SmallerDefaultCapsFont</name>
			<filename>Arial.ttf</filename>
			<size>12</size>
		</font>
		<!-- Title fonts -->
		<font>
			<name>XXXLargeTitleCapsFont</name>
			<filename>Arial.ttf</filename>
			<size>45</size>
		</font>
		<font>
			<name>XLargeTitleFont</name>
			<filename>Arial.ttf</filename>
			<size>36</size>
		</font>
		<font>
			<name>XLargeTitleCapsFont</name>
			<filename>Arial.ttf</filename>
			<size>36</size>
		</font>
		<font>
			<name>LargeTitleFont</name>
			<filename>Arial.ttf</filename>
			<size>30</size>
		</font>
		<font>
			<name>LargeTitleCapsFont</name>
			<filename>Arial.ttf</filename>
			<size>30</size>
		</font>
		<font>
			<name>MediumLargeTitleFont</name>
			<filename>Arial.ttf</filename>
			<size>28</size>
		</font>
		<font>
			<name>HomeScreenUnselectedItems</name>
			<filename>Arial.ttf</filename>
			<size>29</size>
		</font>
		<font>
			<name>MediumLargeTitleCapsFont</name>
			<filename>Arial.ttf</filename>
			<size>28</size>
		</font>
		<font>
			<name>TitleFont</name>
			<filename>Arial.ttf</filename>
			<size>24</size>
		</font>
		<font>
			<name>TitleCapsFont</name>
			<filename>Arial.ttf</filename>
			<size>24</size>
		</font>
		<font>
			<name>MediumTitleFont</name>
			<filename>Arial.ttf</filename>
			<size>21</size>
		</font>
		<font>
			<name>RssFeedFont</name>
			<filename>Arial.ttf</filename>
			<size>21</size>
		</font>
		<font>
			<name>MediumTitleCapsFont</name>
			<filename>Arial.ttf</filename>
			<size>21</size>
		</font>
		<font>
			<name>MediumSmallTitleFont</name>
			<filename>Arial.ttf</filename>
			<size>18</size>
		</font>
		<font>
			<name>MediumSmallTitleCapsFont</name>
			<filename>Arial.ttf</filename>
			<size>18</size>
		</font>
		<font>
			<name>SmallTitleFont</name>
			<filename>Arial.ttf</filename>
			<size>15</size>
		</font>
		<font>
			<name>SmallTitleCapsFont</name>
			<filename>Arial.ttf</filename>
			<size>15</size>
		</font>
		<font>
			<name>SmallTinyTitleFont</name>
			<filename>Arial.ttf</filename>
			<size>12</size>
		</font>
		<font>
			<name>SmallTinyTitleCapsFont</name>
			<filename>Arial.ttf</filename>
			<size>12</size>
		</font>
		<font>
			<name>TinyTitleFont</name>
			<filename>Arial.ttf</filename>
			<size>8</size>
		</font>
		<font>
			<name>TinyTitleCapsFont</name>
			<filename>Arial.ttf</filename>
			<size>8</size>
		</font>
		<!-- Home Screen Fonts -->
		<font>
			<name>HomeMenuFocusFont</name>
			<filename>Arial.ttf</filename>
			<size>45</size>
		</font>
		<font>
			<name>HomeMenuInfoFont</name>
			<filename>Arial.ttf</filename>
			<size>28</size>
		</font>
		<font>
			<name>HomeSubMenuFont</name>
			<filename>Arial.ttf</filename>
			<size>17</size>
		</font>
		<!-- Video Fonts -->
		<font>
			<name>VideoDetailXFont</name>
			<filename>Arial.ttf</filename>
			<size>30</size>
		</font>
		<font>
			<name>VideoDetailXCapsFont</name>
			<filename>Arial.ttf</filename>
			<size>30</size>
		</font>
		<!-- Keyboard Focus Font -->
		<font>
			<name>KeyboardFocusFont</name>
			<filename>Arial.ttf</filename>
			<size>26</size>
		</font>
		<font>
			<name>KeyboardFocusCapsFont</name>
			<filename>Arial.ttf</filename>
			<size>26</size>
		</font>
		<!-- font13 needs to be kept to show debug info etc -->
		<font>
			<name>font13</name>
			<filename>Arial.ttf</filename>
			<size>16</size>
		</font>
	</fontset>
</fonts>
