<?xml version="1.0"?>
<includes>
	<!-- Available Media Flags
		Listitem.Art(mediaTag::videoResolution)
		Listitem.Art(mediaTag::audioCodec)
		Listitem.Art(mediaTag::videoCodec)
		Listitem.Art(mediaTag::aspectRatio)
		Listitem.Art(mediaTag::videoFrameRate)
		Listitem.Art(mediaTag::audioChannels)
		Listitem.Art(mediaTag::contentRating)
		Listitem.Art(mediaTag::Studio)
	-->
	<include name="WideViewFlags">
		<control type="group">
			<control type="image">
				<visible>true</visible>
				<posx>930</posx>
				<posy>382</posy>
				<height>60</height>
				<info>Listitem.Art(mediaTag::contentRating)</info>
				<aspectratio>keep</aspectratio>
				<aligny>center</aligny>
			</control>
			<control type="image">
				<visible>true</visible>
				<posx>150r</posx>
				<posy>390</posy>
				<height>50</height>
				<width>130</width>
				<info>Listitem.Art(mediaTag::Studio)</info>
				<aspectratio>keep</aspectratio>
				<align>right</align>
				<aligny>center</aligny>
			</control>
		</control>
	</include>
	<include name="InfoListFlags">
		<control type="grouplist">
			<posx>125</posx>
			<orientation>horizontal</orientation>
			<itemgap>20</itemgap>
			<control type="image">
				<visible>!IsEmpty(Listitem.Art(mediaTag::contentRating)) + !Container.Content(tvshows)</visible>
				<height>20</height>
				<width min="1" max="95">auto</width>
				<info>Listitem.Art(mediaTag::contentRating)</info>
				<aspectratio>keep</aspectratio>
			</control>
			<control type="image">
				<visible>!IsEmpty(Listitem.Art(mediaTag::videoResolution))</visible>
				<height>17</height>
				<width min="1" max="95">auto</width>
				<info>Listitem.Art(mediaTag::videoResolution)</info>
				<aspectratio>keep</aspectratio>
			</control>
			<control type="image">
				<visible>!IsEmpty(Listitem.Art(mediaTag::aspectRatio))</visible>
				<height>17</height>
				<width min="1" max="95">auto</width>
				<info>Listitem.Art(mediaTag::aspectRatio)</info>
				<aspectratio>keep</aspectratio>
			</control>
			<control type="image">
				<visible>!IsEmpty(Listitem.Art(mediaTag::videoCodec))</visible>
				<height>17</height>
				<width min="1" max="95">auto</width>
				<info>Listitem.Art(mediaTag::videoCodec)</info>
				<aspectratio>keep</aspectratio>
			</control>
			<control type="image">
				<visible>!IsEmpty(Listitem.Art(mediaTag::videoFrameRate))</visible>
				<height>17</height>
				<width min="1" max="95">auto</width>
				<info>Listitem.Art(mediaTag::videoFrameRate)</info>
				<aspectratio>keep</aspectratio>
			</control>
			<control type="image">
				<visible>!IsEmpty(Listitem.Art(mediaTag::audioCodec))</visible>
				<height>17</height>
				<width min="1" max="95">auto</width>
				<info>Listitem.Art(mediaTag::audioCodec)</info>
				<aspectratio>keep</aspectratio>
			</control>
			<control type="image">
				<visible>!IsEmpty(Listitem.Art(mediaTag::audioChannels))</visible>
				<height>17</height>
				<width min="1" max="95">auto</width>
				<info>Listitem.Art(mediaTag::audioChannels)</info>
				<aspectratio>keep</aspectratio>
			</control>
		</control>
		<control type="image">
			<visible>!IsEmpty(Listitem.Art(mediaTag::studio)) + Container.Content(movies)</visible>
			<posx>620</posx>
			<posy>-25</posy>
			<height>50</height>
			<width>130</width>
			<info>Listitem.Art(mediaTag::studio)</info>
			<aspectratio>keep</aspectratio>
			<aligny>bottom</aligny>
		</control>
		<control type="image">
			<visible>!IsEmpty(Listitem.Art(mediaTag::studio)) + Container.Content(tvshows)</visible>
			<posx>590</posx>
			<posy>-35</posy>
			<height>50</height>
			<width>130</width>
			<info>Listitem.Art(mediaTag::studio)</info>
			<aspectratio>keep</aspectratio>
			<aligny>bottom</aligny>
			<align>center</align>
		</control>
	</include>
	<include name="InfoListMusicFlags">
		<control type="grouplist">
			<orientation>horizontal</orientation>
			<itemgap>20</itemgap>
			<control type="image">
				<visible>!IsEmpty(Listitem.Art(mediaTag::audioCodec))</visible>
				<height>20</height>
				<width min="1" max="50">auto</width>
				<info>Listitem.Art(mediaTag::audioCodec)</info>
				<aspectratio>keep</aspectratio>
			</control>
			<control type="image">
				<visible>!IsEmpty(Listitem.Art(mediaTag::audioChannels))</visible>
				<height>20</height>
				<width min="1" max="50">auto</width>
				<info>Listitem.Art(mediaTag::audioChannels)</info>
				<aspectratio>keep</aspectratio>
			</control>
		</control>
	</include>
	<include name="InfoListFlagsEpisodes">
		<control type="image">
			<posy>-205</posy>
			<posx>385</posx>
			<height>50</height>
			<width min="1" max="95">auto</width>
			<info>Listitem.Art(mediaTag::contentRating)</info>
			<align>right</align>
			<aspectratio>keep</aspectratio>
			<aligny>bottom</aligny>
		</control>
		<control type="image">
			<posx>510</posx>
			<posy>-210</posy>
			<height>60</height>
			<width min="1" max="95">auto</width>
			<info>Listitem.Art(mediaTag::studio)</info>
			<aspectratio>keep</aspectratio>
		</control>
		<control type="grouplist">
			<posy>20</posy>
			<orientation>horizontal</orientation>
			<itemgap>20</itemgap>
			<control type="image">
				<visible>!IsEmpty(Listitem.Art(mediaTag::videoResolution))</visible>
				<height>17</height>
				<width min="1" max="95">auto</width>
				<info>Listitem.Art(mediaTag::videoResolution)</info>
				<aspectratio>keep</aspectratio>
			</control>
			<control type="image">
				<visible>!IsEmpty(Listitem.Art(mediaTag::aspectRatio))</visible>
				<height>17</height>
				<width min="1" max="95">auto</width>
				<info>Listitem.Art(mediaTag::aspectRatio)</info>
				<aspectratio>keep</aspectratio>
			</control>
			<control type="image">
				<visible>!IsEmpty(Listitem.Art(mediaTag::videoCodec))</visible>
				<height>17</height>
				<width min="1" max="95">auto</width>
				<info>Listitem.Art(mediaTag::videoCodec)</info>
				<aspectratio>keep</aspectratio>
			</control>
			<control type="image">
				<visible>!IsEmpty(Listitem.Art(mediaTag::videoFrameRate))</visible>
				<height>17</height>
				<width min="1" max="95">auto</width>
				<info>Listitem.Art(mediaTag::videoFrameRate)</info>
				<aspectratio>keep</aspectratio>
			</control>
			<control type="image">
				<visible>!IsEmpty(Listitem.Art(mediaTag::audioCodec))</visible>
				<height>17</height>
				<width min="1" max="95">auto</width>
				<info>Listitem.Art(mediaTag::audioCodec)</info>
				<aspectratio>keep</aspectratio>
			</control>
			<control type="image">
				<visible>!IsEmpty(Listitem.Art(mediaTag::audioChannels))</visible>
				<height>17</height>
				<width min="1" max="95">auto</width>
				<info>Listitem.Art(mediaTag::audioChannels)</info>
				<aspectratio>keep</aspectratio>
			</control>
		</control>
	</include>
	<include name="MediaPreviewFlags">
		<control type="image">
			<description>Star Rating</description>
			<posx>28</posx>
			<posy>-8</posy>
			<texture>$INFO[ListItem.StarRating]</texture>
			<aspectratio>keep</aspectratio>
			<width min="1" max="100">auto</width>
			<height>20</height>
			<visible>!IsEmpty(ListItem.StarRating) + Container.Content(tvshows)</visible>
		</control>
		<control type="grouplist">
			<posx>110</posx>
			<orientation>horizontal</orientation>
			<itemgap>20</itemgap>
			<control type="image">
				<description>Star Rating</description>
				<texture>$INFO[ListItem.StarRating]</texture>
				<aspectratio>keep</aspectratio>
				<width min="1" max="100">auto</width>
				<height>20</height>
				<visible>!IsEmpty(ListItem.StarRating) + Container.Content(movies)</visible>
			</control>
			<control type="image">
				<visible>!IsEmpty(Listitem.Art(mediaTag::videoResolution))</visible>
				<height>20</height>
				<width min="1" max="95">auto</width>
				<info>Listitem.Art(mediaTag::videoResolution)</info>
				<aspectratio>keep</aspectratio>
			</control>
			<control type="image">
				<visible>!IsEmpty(Listitem.Art(mediaTag::aspectRatio))</visible>
				<height>20</height>
				<width min="1" max="95">auto</width>
				<info>Listitem.Art(mediaTag::aspectRatio)</info>
				<aspectratio>keep</aspectratio>
			</control>
			<control type="image">
				<visible>!IsEmpty(Listitem.Art(mediaTag::videoCodec))</visible>
				<height>20</height>
				<width min="1" max="95">auto</width>
				<info>Listitem.Art(mediaTag::videoCodec)</info>
				<aspectratio>keep</aspectratio>
			</control>
			<control type="image">
				<visible>!IsEmpty(Listitem.Art(mediaTag::videoFrameRate))</visible>
				<height>20</height>
				<width min="1" max="95">auto</width>
				<info>Listitem.Art(mediaTag::videoFrameRate)</info>
				<aspectratio>keep</aspectratio>
			</control>
			<control type="image">
				<visible>!IsEmpty(Listitem.Art(mediaTag::audioCodec))</visible>
				<height>20</height>
				<width min="1" max="95">auto</width>
				<info>Listitem.Art(mediaTag::audioCodec)</info>
				<aspectratio>keep</aspectratio>
			</control>
			<control type="image">
				<visible>!IsEmpty(Listitem.Art(mediaTag::audioChannels))</visible>
				<height>20</height>
				<width min="1" max="95">auto</width>
				<info>Listitem.Art(mediaTag::audioChannels)</info>
				<aspectratio>keep</aspectratio>
			</control>
		</control>
		<control type="image">
			<visible>!IsEmpty(Listitem.Art(mediaTag::studio)) + Container.Content(movies)</visible>
			<posx>870</posx>
			<posy>-50</posy>
			<height>80</height>
			<width>130</width>
			<info>Listitem.Art(mediaTag::studio)</info>
			<aspectratio>keep</aspectratio>
			<aligny>bottom</aligny>
		</control>
		<control type="image">
			<visible>!IsEmpty(Listitem.Art(mediaTag::studio)) + Container.Content(tvshows)</visible>
			<posx>760</posx>
			<posy>-120</posy>
			<height>80</height>
			<width>130</width>
			<info>Listitem.Art(mediaTag::studio)</info>
			<aspectratio>keep</aspectratio>
			<aligny>bottom</aligny>
			<align>center</align>
		</control>
	</include>
	<include name="PanelStreamFlags">
		<!-- movies -->
		<control type="group">
			<visible>Container.Content(movies)</visible>
			<control type="image">
				<posy>-300</posy>
				<posx>0</posx>
				<height>25</height>
				<width min="1" max="95">auto</width>
				<info>Listitem.Art(mediaTag::contentRating)</info>
				<align>right</align>
				<aspectratio>keep</aspectratio>
				<aligny>bottom</aligny>
			</control>
			<control type="grouplist">
				<posy>27</posy>
				<orientation>horizontal</orientation>
				<itemgap>30</itemgap>
				<control type="image">
					<visible>!IsEmpty(Listitem.Art(mediaTag::videoResolution))</visible>
					<height>20</height>
					<width min="1" max="95">auto</width>
					<info>Listitem.Art(mediaTag::videoResolution)</info>
					<aspectratio>keep</aspectratio>
				</control>
				<control type="image">
					<visible>!IsEmpty(Listitem.Art(mediaTag::aspectRatio))</visible>
					<height>17</height>
					<width min="1" max="95">auto</width>
					<info>Listitem.Art(mediaTag::aspectRatio)</info>
					<aspectratio>keep</aspectratio>
				</control>
				<control type="image">
					<visible>!IsEmpty(Listitem.Art(mediaTag::videoCodec))</visible>
					<height>17</height>
					<width min="1" max="95">auto</width>
					<info>Listitem.Art(mediaTag::videoCodec)</info>
					<aspectratio>keep</aspectratio>
				</control>
				<control type="image">
					<visible>!IsEmpty(Listitem.Art(mediaTag::videoFrameRate))</visible>
					<height>17</height>
					<width min="1" max="95">auto</width>
					<info>Listitem.Art(mediaTag::videoFrameRate)</info>
					<aspectratio>keep</aspectratio>
				</control>
				<control type="image">
					<visible>!IsEmpty(Listitem.Art(mediaTag::audioCodec))</visible>
					<height>17</height>
					<width min="1" max="95">auto</width>
					<info>Listitem.Art(mediaTag::audioCodec)</info>
					<aspectratio>keep</aspectratio>
				</control>
				<control type="image">
					<visible>!IsEmpty(Listitem.Art(mediaTag::audioChannels))</visible>
					<height>17</height>
					<width min="1" max="95">auto</width>
					<info>Listitem.Art(mediaTag::audioChannels)</info>
					<aspectratio>keep</aspectratio>
				</control>
			</control>
		</control>
		<!-- episodes -->
		<control type="group">
			<visible>Container.Content(episodes)</visible>
			<control type="image">
				<posy>-325</posy>
				<posx>200</posx>
				<height>37</height>
				<width min="1" max="95">auto</width>
				<info>Listitem.Art(mediaTag::contentRating)</info>
				<align>right</align>
				<aspectratio>keep</aspectratio>
				<aligny>bottom</aligny>
			</control>
			<control type="grouplist">
				<posy>27</posy>
				<orientation>horizontal</orientation>
				<itemgap>30</itemgap>
				<control type="image">
					<visible>!IsEmpty(Listitem.Art(mediaTag::videoResolution))</visible>
					<height>20</height>
					<width min="1" max="95">auto</width>
					<info>Listitem.Art(mediaTag::videoResolution)</info>
					<aspectratio>keep</aspectratio>
				</control>
				<control type="image">
					<visible>!IsEmpty(Listitem.Art(mediaTag::aspectRatio))</visible>
					<height>17</height>
					<width min="1" max="95">auto</width>
					<info>Listitem.Art(mediaTag::aspectRatio)</info>
					<aspectratio>keep</aspectratio>
				</control>
				<control type="image">
					<visible>!IsEmpty(Listitem.Art(mediaTag::videoCodec))</visible>
					<height>17</height>
					<width min="1" max="95">auto</width>
					<info>Listitem.Art(mediaTag::videoCodec)</info>
					<aspectratio>keep</aspectratio>
				</control>
				<control type="image">
					<visible>!IsEmpty(Listitem.Art(mediaTag::videoFrameRate))</visible>
					<height>17</height>
					<width min="1" max="95">auto</width>
					<info>Listitem.Art(mediaTag::videoFrameRate)</info>
					<aspectratio>keep</aspectratio>
				</control>
				<control type="image">
					<visible>!IsEmpty(Listitem.Art(mediaTag::audioCodec))</visible>
					<height>17</height>
					<width min="1" max="95">auto</width>
					<info>Listitem.Art(mediaTag::audioCodec)</info>
					<aspectratio>keep</aspectratio>
				</control>
				<control type="image">
					<visible>!IsEmpty(Listitem.Art(mediaTag::audioChannels))</visible>
					<height>17</height>
					<width min="1" max="95">auto</width>
					<info>Listitem.Art(mediaTag::audioChannels)</info>
					<aspectratio>keep</aspectratio>
				</control>
			</control>
		</control>
		<!-- tv shows -->
		<control type="group">
			<visible>Container.Content(tvshows)</visible>
			<control type="grouplist">
				<orientation>horizontal</orientation>
				<itemgap>20</itemgap>
			</control>
			<control type="image">
				<posx>0</posx>
				<posy>15</posy>
				<description>Star Rating</description>
				<texture>$INFO[ListItem.StarRating]</texture>
				<aspectratio>keep</aspectratio>
				<width min="1" max="100">auto</width>
				<height>20</height>
				<aligny>center</aligny>
				<visible>!IsEmpty(ListItem.StarRating)</visible>
			</control>
			<control type="image">
				<visible>!IsEmpty(Listitem.Art(mediaTag::studio))</visible>
				<posx>290</posx>
				<posy>-15</posy>
				<height>50</height>
				<width>130</width>
				<info>Listitem.Art(mediaTag::studio)</info>
				<aspectratio>keep</aspectratio>
				<align>right</align>
			</control>
		</control>
	</include>
	<include name="EpisodeListFlags">
		<control type="grouplist">
			<orientation>horizontal</orientation>
			<itemgap>20</itemgap>
			<control type="image">
				<visible>!IsEmpty(Listitem.Art(mediaTag::contentRating))</visible>
				<height>40</height>
				<width min="1" max="95">auto</width>
				<info>Listitem.Art(mediaTag::contentRating)</info>
				<aspectratio>keep</aspectratio>
				<aligny>center</aligny>
			</control>
			<control type="image">
				<visible>!IsEmpty(Listitem.Art(mediaTag::videoResolution))</visible>
				<height>40</height>
				<width min="1" max="95">auto</width>
				<info>Listitem.Art(mediaTag::videoResolution)</info>
				<aspectratio>keep</aspectratio>
			</control>
			<control type="image">
				<visible>!IsEmpty(Listitem.Art(mediaTag::audioCodec))</visible>
				<height>40</height>
				<width min="1" max="95">auto</width>
				<info>Listitem.Art(mediaTag::audioCodec)</info>
				<aspectratio>keep</aspectratio>
			</control>
			<control type="image">
				<visible>!IsEmpty(Listitem.Art(mediaTag::audioChannels))</visible>
				<height>40</height>
				<width min="1" max="95">auto</width>
				<info>Listitem.Art(mediaTag::audioChannels)</info>
				<aspectratio>keep</aspectratio>
			</control>
			<control type="image">
				<animation effect="slide" start="0,0" end="0,-27.5" time="0" condition="TRUE">Conditional</animation>
				<visible>!IsEmpty(Listitem.Art(mediaTag::studio))</visible>
				<height>90</height>
				<width min="1" max="95">auto</width>
				<info>Listitem.Art(mediaTag::studio)</info>
				<aspectratio>keep</aspectratio>
			</control>
		</control>
	</include>
</includes>
