﻿<?xml version="1.0"?>
<window id="120">
	<defaultcontrol>2</defaultcontrol>
	<controls>
		<control type="group">
			<control type="group">
				<visible>!Window.IsActive(400)</visible>
				<include>MusicVisControls</include>
			</control>
			<control type="image" id="1">
				<include>MusicBottomVisSelLeftArrowDims</include>
				<texture>ArrowDownFO.png</texture>
				<visible>Skin.HasSetting(ShowHorizMusicVis) + Control.HasFocus(503)</visible>
			</control>
			<control type="image" id="1">
				<include>MusicBottomVisSelRightArrowDims</include>
				<texture>ArrowUpFO.png</texture>
				<visible>Skin.HasSetting(ShowHorizMusicVis) + Control.HasFocus(503)</visible>
			</control>
			<control type="selectbutton" id="503">
				<description>Visualisation Select Button</description>
				<include condition="!Skin.HasSetting(ShowHorizMusicVis)">MusicVisSelectBtn</include>
				<include condition="Skin.HasSetting(ShowHorizMusicVis)">MusicBottomVisSelectBtn</include>
			</control>
		</control>
	</controls>
</window>
