<?xml version="1.0"?>
<window id="2700">
	<defaultcontrol>3012</defaultcontrol>
	<allowoverlay>yes</allowoverlay>
	<controls>
		<control type="label" id="1">
			<description>XBMC label</description>
			<posx>200</posx>
			<posy>43</posy>
			<align>right</align>
			<label>9</label>
		</control>
		<control type="label" id="1">
			<description>description label</description>
			<posx>207</posx>
			<posy>43</posy>
			<align>left</align>
			<label>10509</label>
		</control>
		<control type="group">
			<posx>278</posx>
			<posy>98</posy>
			<control type="button" id="3080">
				<description>friends tab</description>
				<posx>0</posx>
				<posy>0</posy>
				<width>83</width>
				<height>32</height>
				<label>15010</label>
				<align>center</align>
				<aligny>center</aligny>
			</control>
			<control type="button" id="3081">
				<description>games tab</description>
				<posx>83</posx>
				<posy>0</posy>
				<width>83</width>
				<height>32</height>
				<label>15016</label>
				<align>center</align>
				<aligny>center</aligny>
			</control>
			<control type="button" id="3082">
				<description>arenas tab</description>
				<posx>166</posx>
				<posy>0</posy>
				<width>83</width>
				<height>32</height>
				<label>15021</label>
				<align>center</align>
				<aligny>center</aligny>
			</control>
			<control type="button" id="3083">
				<description>chat tab</description>
				<posx>249</posx>
				<posy>0</posy>
				<width>83</width>
				<height>32</height>
				<label>15026</label>
				<align>center</align>
				<aligny>center</aligny>
			</control>
		</control>
		<control type="group">
			<posx>20</posx>
			<posy>-20</posy>
			<control type="button" id="3012">
				<description>Mode Button</description>
				<posx>0</posx>
				<posy>120</posy>
				<onleft>3012</onleft>
				<onright>3031</onright>
				<onup>3015</onup>
				<ondown>3013</ondown>
			</control>
			<control type="button" id="3013">
				<description>Join (Friends)</description>
				<posx>0</posx>
				<posy>157</posy>
				<onleft>3013</onleft>
				<onright>3031</onright>
				<onup>3012</onup>
				<ondown>3016</ondown>
			</control>
			<control type="button" id="3016">
				<description>Speex (Friends)</description>
				<posx>0</posx>
				<posy>194</posy>
				<onleft>3016</onleft>
				<onright>3031</onright>
				<onup>3013</onup>
				<ondown>3014</ondown>
			</control>
			<control type="button" id="3014">
				<description>Invite (Friends)</description>
				<posx>0</posx>
				<posy>231</posy>
				<onleft>3014</onleft>
				<onright>3031</onright>
				<onup>3016</onup>
				<ondown>3015</ondown>
			</control>
			<control type="button" id="3015">
				<description>Remove (Friends)</description>
				<posx>0</posx>
				<posy>268</posy>
				<onleft>3015</onleft>
				<onright>3031</onright>
				<onup>3014</onup>
				<ondown>3012</ondown>
			</control>
			<control type="button" id="3033">
				<description>Play (Arenas)</description>
				<posx>0</posx>
				<posy>157</posy>
				<onleft>3033</onleft>
				<onright>3031</onright>
				<onup>3012</onup>
				<ondown>3035</ondown>
			</control>
			<control type="button" id="3035">
				<description>Host (Arenas)</description>
				<posx>0</posx>
				<posy>194</posy>
				<onleft>3035</onleft>
				<onright>3031</onright>
				<onup>3033</onup>
				<ondown>3034</ondown>
			</control>
			<control type="button" id="3034">
				<description>Add (Arenas)</description>
				<posx>0</posx>
				<posy>231</posy>
				<onleft>3034</onleft>
				<onright>3031</onright>
				<onup>3035</onup>
				<ondown>3012</ondown>
			</control>
			<control type="button" id="3036">
				<description>Keyboard (chat)</description>
				<posx>0</posx>
				<posy>157</posy>
				<onleft>3036</onleft>
				<onright>3036</onright>
				<onup>3012</onup>
				<ondown>3012</ondown>
			</control>
		</control>
		<control type="listcontrolex" id="3031">
			<description>Arena List</description>
			<posx>190</posx>
			<posy>180</posy>
			<width>500</width>
			<height>270</height>
			<spinposx>450</spinposx>
			<spinposy>240</spinposy>
			<onleft>3012</onleft>
			<onright>3031</onright>
			<onup>3031</onup>
			<ondown>3031</ondown>
			<animation effect="fade" time="200" delay="200">WindowOpen</animation>
			<animation effect="fade" time="100">WindowClose</animation>
		</control>
		<control type="console" id="3074">
			<description>Console control</description>
			<posx>239</posx>
			<posy>194</posy>
			<width>390</width>
			<height>265</height>
			<textcolor>lightgrey</textcolor>
			<!-- normal  (pen0) -->
			<textcolor2>FFF2B466</textcolor2>
			<!-- action  (pen1) -->
			<titlecolor>FFA4FFAE</titlecolor>
			<!-- system  (pen2) -->
			<selectedcolor>FFF3FB6B</selectedcolor>
			<!-- private (pen3) -->
			<onleft>3074</onleft>
			<onright>3074</onright>
			<onup>3074</onup>
			<ondown>3074</ondown>
		</control>
		<control type="label" id="3052">
			<description>Arena Name</description>
			<posx>275</posx>
			<posy>147</posy>
			<width>340</width>
			<label>-</label>
			<align>center</align>
		</control>
		<control type="edit" id="3075">
			<description>Edit control</description>
			<posx>239</posx>
			<posy>463</posy>
			<width>390</width>
			<label>-</label>
		</control>
		<control type="group">
			<control type="image" id="3064">
				<description>My avatar icon</description>
				<posx>55</posx>
				<posy>345</posy>
				<width>61</width>
				<height>61</height>
				<colorkey>FFFF00FF</colorkey>
				<colordiffuse>BBFFFFFF</colordiffuse>
			</control>
			<control type="button" id="3051">
				<description>Username</description>
				<posx>38</posx>
				<posy>415</posy>
				<width>122</width>
				<align>center</align>
				<label>-</label>
				<texturefocus>-</texturefocus>
				<texturenofocus>-</texturenofocus>
			</control>
			<control type="label" id="3073">
				<description>Player Count</description>
				<posx>38</posx>
				<posy>440</posy>
				<width>122</width>
				<align>center</align>
				<label>-</label>
			</control>
		</control>
		<control type="image" id="3060">
			<description>Buddy (offline) icon</description>
			<posx>288</posx>
			<posy>453</posy>
			<width>59</width>
			<height>59</height>
			<colorkey>FFFF00FF</colorkey>
			<colordiffuse>AAFFFFFF</colordiffuse>
			<animation effect="fade" time="200" delay="200">WindowOpen</animation>
			<animation effect="fade" time="100">WindowClose</animation>
		</control>
		<control type="image" id="3061">
			<description>Buddy (online) icon</description>
			<posx>288</posx>
			<posy>453</posy>
			<width>59</width>
			<height>59</height>
			<colorkey>FFFF00FF</colorkey>
			<colordiffuse>BBFFFFFF</colordiffuse>
			<animation effect="fade" time="200" delay="200">WindowOpen</animation>
			<animation effect="fade" time="100">WindowClose</animation>
		</control>
		<control type="image" id="3062">
			<description>Opponent icon</description>
			<posx>288</posx>
			<posy>453</posy>
			<width>59</width>
			<height>59</height>
			<colorkey>FFFF00FF</colorkey>
			<colordiffuse>BBFFFFFF</colordiffuse>
			<animation effect="fade" time="200" delay="200">WindowOpen</animation>
			<animation effect="fade" time="100">WindowClose</animation>
		</control>
		<control type="image" id="3063">
			<description>Arena icon</description>
			<posx>288</posx>
			<posy>453</posy>
			<width>59</width>
			<height>59</height>
			<colorkey>FFFF00FF</colorkey>
			<colordiffuse>BBFFFFFF</colordiffuse>
			<animation effect="fade" time="200" delay="200">WindowOpen</animation>
			<animation effect="fade" time="100">WindowClose</animation>
		</control>
		<control type="fadelabel" id="3070">
			<description>Buddy Name</description>
			<posx>368</posx>
			<posy>460</posy>
			<width>212</width>
			<label>-</label>
			<animation effect="fade" time="200" delay="200">WindowOpen</animation>
			<animation effect="fade" time="100">WindowClose</animation>
		</control>
		<control type="fadelabel" id="3071">
			<description>Buddy Status</description>
			<posx>368</posx>
			<posy>487</posy>
			<width>212</width>
			<label>-</label>
			<animation effect="fade" time="200" delay="200">WindowOpen</animation>
			<animation effect="fade" time="100">WindowClose</animation>
		</control>
		<control type="label" id="3072">
			<description>Buddy Invitation Status</description>
			<posx>360</posx>
			<posy>515</posy>
			<width>50</width>
			<label>-</label>
			<animation effect="fade" time="200" delay="200">WindowOpen</animation>
			<animation effect="fade" time="100">WindowClose</animation>
		</control>
	</controls>
</window>
