<?xml version="1.0"?>
<window id="1">
	<defaultcontrol>56</defaultcontrol>
	<views>56,59</views>
	<allowoverlay>yes</allowoverlay>
	<controls>
		<include>Background</include>
		<include>PluginStream</include>
		<!--><include>PanelStream</include>-->
		<include>InfoList</include>
		<control type="group">
			<posy>9</posy>
			<include>TopOverlayTitlePos</include>
			<control type="group">
				<visible>!IsEmpty(Container.SecondTitle)</visible>
				<include>TopOverlayFirstTitleSlide</include>
				<control type="grouplist">
					<orientation>horizontal</orientation>
					<itemgap>7</itemgap>
					<control type="label">
						<height>26</height>
						<font>LargeTitleFont</font>
						<align>right</align>
						<aligny>center</aligny>
						<label>[COLOR=raspberry][B]&#xB7;[/B][/COLOR]</label>
						<width>10</width>
					</control>
					<control type="label">
						<description>First title</description>
						<include>TopOverlayFirstTitleAreaText</include>
						<label>$INFO[Container.FirstTitle]</label>
					</control>
					<control type="label">
						<description>Second title</description>
						<label>: $INFO[Container.SecondTitle]</label>
						<include>TopOverlaySecondTitleAreaText</include>
					</control>
				</control>
			</control>
			<control type="group">
				<visible>IsEmpty(Container.SecondTitle) + !IsEmpty(Container.FirstTitle)</visible>
				<include>TopOverlayFirstTitleSlide</include>
				<control type="grouplist">
					<orientation>horizontal</orientation>
					<itemgap>7</itemgap>
					<control type="label">
						<height>26</height>
						<font>LargeTitleFont</font>
						<align>right</align>
						<aligny>center</aligny>
						<label>[COLOR=raspberry][B]&#xB7;[/B][/COLOR]</label>
						<width>10</width>
					</control>
					<control type="label">
						<description>First title</description>
						<include>TopOverlayFirstTitleAreaText</include>
						<label>$INFO[Container.FirstTitle]</label>
					</control>
				</control>
			</control>
			<control type="group">
				<visible>IsEmpty(Container.FirstTitle) + IsEmpty(Container.SecondTitle)</visible>
				<include>TopOverlayFirstTitleSlide</include>
				<control type="grouplist">
					<orientation>horizontal</orientation>
					<itemgap>7</itemgap>
					<control type="label">
						<height>26</height>
						<font>LargeTitleFont</font>
						<align>right</align>
						<aligny>center</aligny>
						<label>[COLOR=raspberry][B]&#xB7;[/B][/COLOR]</label>
						<width>10</width>
					</control>
					<control type="label">
						<description>Programs label</description>
						<include>TopOverlayFirstTitleAreaText</include>
						<label>$LOCALIZE[0]</label>
					</control>
				</control>
			</control>	
		</control>
		<include>Clock</include>
		<include>OptionsMenu</include>
		<include>MediaCount</include>
		<include>MusicNowPlayingIndicators</include>
	</controls>
</window>
