<?xml version="1.0"?>
<window id="100">
	<defaultcontrol>56</defaultcontrol>
	<allowoverlay>yes</allowoverlay>
	<controls>
		<!-- -->
		<!--><include>InfoList</include>
		<include>TV</include>
		<include>MediaPreview</include>
		<include>PanelStream</include>-->
		<!-- -->
		<!-- bg thumbs -->
		<control type="grouplist">
			<orientation>horizontal</orientation>
			<itemgap>0</itemgap>
			<posx>0</posx>
			<posy>0</posy>
			<visible>!Container.OnNext + !Container.OnPrevious</visible>
			<animation effect="fade" start="0" end="80" time="400" delay="300" condition="Control.HasFocus(56)" reversible="false">Conditional</animation>
			<animation effect="fade" start="0" end="80" time="2000" delay="0">WindowOpen</animation>
			<animation effect="fade" start="0" end="80" time="400" delay="0">Visible</animation>
			<animation effect="fade" start="80" end="0" time="0">Hidden</animation>
			<control type="image">
				<width max="500">auto</width>
				<height>500</height>
				<texture background="true">$INFO[ListItem(1).Thumb0]</texture>
				<aspectratio scalediffuse="true" align="center" aligny="top">keep</aspectratio>
				<visible>!IsEmpty(ListItem(1).Thumb0)</visible>
			</control>
			<control type="image">
				<width max="500">auto</width>
				<height>500</height>
				<texture background="true">$INFO[ListItem(0).Thumb2]</texture>
				<aspectratio scalediffuse="true" align="center" aligny="top">keep</aspectratio>
				<visible>!IsEmpty(ListItem(0).Thumb2)</visible>
			</control>
			<control type="image">
				<width max="500">auto</width>
				<height>500</height>
				<texture background="true">$INFO[ListItem(1).Thumb4]</texture>
				<aspectratio scalediffuse="true" align="center" aligny="top">keep</aspectratio>
				<visible>!IsEmpty(ListItem(1).Thumb4)</visible>
			</control>
			<control type="image">
				<width max="500">auto</width>
				<height>500</height>
				<texture background="true">$INFO[ListItem(0).Thumb4]</texture>
				<aspectratio scalediffuse="true" align="center" aligny="top">keep</aspectratio>
				<visible>!IsEmpty(ListItem(0).Thumb4)</visible>
			</control>
			<control type="image">
				<width max="500">auto</width>
				<height>500</height>
				<texture background="true">$INFO[ListItem(1).Thumb1]</texture>
				<aspectratio scalediffuse="true" align="center" aligny="top">keep</aspectratio>
				<visible>!IsEmpty(ListItem(1).Thumb1)</visible>
			</control>
			<control type="image">
				<width max="500">auto</width>
				<height>500</height>
				<texture background="true">$INFO[ListItem(0).Thumb1]</texture>
				<aspectratio scalediffuse="true" align="center" aligny="top">keep</aspectratio>
				<visible>!IsEmpty(ListItem(0).Thumb1)</visible>
			</control>
			<control type="image">
				<width max="500">auto</width>
				<height>500</height>
				<texture background="true">$INFO[ListItem(1).Thumb3]</texture>
				<aspectratio scalediffuse="true" align="center" aligny="top">keep</aspectratio>
				<visible>!IsEmpty(ListItem(1).Thumb3)</visible>
			</control>
			<control type="image">
				<width max="500">auto</width>
				<height>500</height>
				<texture background="true">$INFO[ListItem(0).Thumb3]</texture>
				<aspectratio scalediffuse="true" align="center" aligny="top">keep</aspectratio>
				<visible>!IsEmpty(ListItem(0).Thumb3)</visible>
			</control>
		</control>
		<control type="grouplist">
			<orientation>horizontal</orientation>
			<itemgap>0</itemgap>
			<posx>0</posx>
			<posy>500</posy>
			<visible>!Container.OnNext + !Container.OnPrevious</visible>
			<animation effect="fade" start="0" end="100" time="400" delay="300" condition="Control.HasFocus(56)" reversible="false">Conditional</animation>
			<animation effect="fade" start="0" end="100" time="2000" delay="0">WindowOpen</animation>
			<animation effect="fade" start="0" end="100" time="400" delay="0">Visible</animation>
			<animation effect="fade" start="100" end="0" time="0">Hidden</animation>
			<control type="image">
				<width max="500">auto</width>
				<height>500</height>
				<texture background="true">$INFO[ListItem(1).Thumb3]</texture>
				<aspectratio scalediffuse="true" align="center" aligny="top">keep</aspectratio>
				<visible>!IsEmpty(ListItem(1).Thumb3)</visible>
			</control>
			<control type="image">
				<width max="500">auto</width>
				<height>500</height>
				<texture background="true">$INFO[ListItem(0).Thumb5]</texture>
				<aspectratio scalediffuse="true" align="center" aligny="top">keep</aspectratio>
				<visible>!IsEmpty(ListItem(0).Thumb5)</visible>
			</control>
			<control type="image">
				<width max="500">auto</width>
				<height>500</height>
				<texture background="true">$INFO[ListItem(1).Thumb1]</texture>
				<aspectratio scalediffuse="true" align="center" aligny="top">keep</aspectratio>
				<visible>!IsEmpty(ListItem(1).Thumb1)</visible>
			</control>
			<control type="image">
				<width max="500">auto</width>
				<height>500</height>
				<texture background="true">$INFO[ListItem(0).Thumb4]</texture>
				<aspectratio scalediffuse="true" align="center" aligny="top">keep</aspectratio>
				<visible>!IsEmpty(ListItem(0).Thumb4)</visible>
			</control>
			<control type="image">
				<width max="500">auto</width>
				<height>500</height>
				<texture background="true">$INFO[ListItem(1).Thumb1]</texture>
				<aspectratio scalediffuse="true" align="center" aligny="top">keep</aspectratio>
				<visible>!IsEmpty(ListItem(1).Thumb1)</visible>
			</control>
			<control type="image">
				<width max="500">auto</width>
				<height>500</height>
				<texture background="true">$INFO[ListItem(0).Thumb1]</texture>
				<aspectratio scalediffuse="true" align="center" aligny="top">keep</aspectratio>
				<visible>!IsEmpty(ListItem(0).Thumb1)</visible>
			</control>
			<control type="image">
				<width max="500">auto</width>
				<height>500</height>
				<texture background="true">$INFO[ListItem(1).Thumb3]</texture>
				<aspectratio scalediffuse="true" align="center" aligny="top">keep</aspectratio>
				<visible>!IsEmpty(ListItem(1).Thumb3)</visible>
			</control>
			<control type="image">
				<width max="500">auto</width>
				<height>500</height>
				<texture background="true">$INFO[ListItem(0).Thumb3]</texture>
				<aspectratio scalediffuse="true" align="center" aligny="top">keep</aspectratio>
				<visible>!IsEmpty(ListItem(0).Thumb3)</visible>
			</control>
		</control>
		<control type="group">
			<!-- background -->
			<control type="group">
				<control type="image">
					<description>Background Overlay</description>
					<include>FullScreenOverlayDims</include>
					<texture>SharedContentBG.png</texture>
					<animation effect="fade" start="0" end="60" time="0" delay="0">Visible</animation>
				</control>
			</control>
			<!-- main list -->
			<control type="group">
				<include>MediaViewFade</include>
				<control type="list" id="56">
					<viewtype label="InfoList">list</viewtype>
					<posx>-34</posx>
					<posy>235</posy>
					<width>700</width>
					<height>450</height>
					<scrolltime>200</scrolltime>
					<pagecontrol>61</pagecontrol>
					<onright>9009</onright>
					<onup>56</onup>
					<ondown>56</ondown>
					<wraparound>true</wraparound>
					<focusposition>0</focusposition>
					<orientation>vertical</orientation>
					<itemlayout height="74" width="630">
						<!-- horiz separator -->
						<control type="image">
							<posx>0</posx>
							<posy>0</posy>
							<width>1000</width>
							<height>74</height>
							<texture border="10">MediaItemBG.png</texture>
						</control>
						<control type="label">
							<posx>60</posx>
							<width>454</width>
							<height>42</height>
							<align>left</align>
							<aligny>center</aligny>
							<label>$INFO[ListItem.Label]</label>
							<font>MediumLargeTitleFont</font>
							<textcolor>Unfocused</textcolor>
						</control>
						<control type="label">
							<posx>60</posx>
							<posy>35</posy>
							<width>454</width>
							<height>42</height>
							<align>left</align>
							<aligny>center</aligny>
							<label>[COLOR=raspberry]$INFO[ListItem.Property(sourceTitle)][/COLOR] &#xB7; $INFO[ListItem.Property(serverName)]</label>
							<font>MediumSmallDefaultCapsFont</font>
							<textcolor>Unfocused</textcolor>
							<animation effect="fade" start="0" end="50" time="0" delay="0" condition="true">Conditional</animation>
						</control>
						<!-- unwatched icon -->
						<control type="image">
							<visible>Window.IsActive(24) + !Container.Content(TVShows) + !Container.Content(Seasons) + !Container.Content(plugincontent)</visible>
							<posx>535</posx>
							<posy>5</posy>
							<width>35</width>
							<height>35</height>
							<info>ListItem.Overlay</info>
						</control>
						<control type="label">
							<visible>![Container.Content(Episodes) | Container.Content(TVShows) | Container.Content(movies) | Container.Content(clip)]</visible>
							<posx>550</posx>
							<posy>0</posy>
							<width>104</width>
							<height>42</height>
							<align>center</align>
							<aligny>center</aligny>
							<label>$INFO[ListItem.Label2]</label>
							<font>SmallDefaultCapsFont</font>
							<textcolor>Unfocused</textcolor>
						</control>
					</itemlayout>
					<focusedlayout height="79" width="630">
						<control type="image">
							<posx>0</posx>
							<posy>0</posy>
							<width>530</width>
							<height>42</height>
							<texture>MediaItemBG.png</texture>
						</control>
						<control type="image">
							<posx>35</posx>
							<posy>2</posy>
							<width>965</width>
							<height>79</height>
							<texture aspectratio="stretch" flipx="true">InfoList_focused_fat.png</texture>
							<animation effect="slide" start="0,-42" end="0,0" time="MediaListSlideTime" reversible="false" tween="quadratic" easing="out" condition="Container.OnNext">focus</animation>
							<animation effect="slide" start="0,42" end="0,0" time="MediaListSlideTime" reversible="false" tween="quadratic" easing="out" condition="Container.OnPrevious">focus</animation>
						</control>
						<control type="label">
							<posx>60</posx>
							<posy>35</posy>
							<width>454</width>
							<height>42</height>
							<align>left</align>
							<aligny>center</aligny>
							<label>[COLOR=black]$INFO[ListItem.Property(sourceTitle)][/COLOR] &#xB7; $INFO[ListItem.Property(serverName)]</label>
							<animation effect="fade" start="0" end="60" time="0" delay="0" condition="true">Conditional</animation>
							<font>MediumSmallDefaultCapsFont</font>
						</control>
						<control type="group">
							<visible>!Container.Content(episodes)</visible>
							<control type="label">
								<posx>60</posx>
								<width>454</width>
								<height>42</height>
								<align>left</align>
								<aligny>center</aligny>
								<label>$INFO[ListItem.Label]</label>
								<font>MediumLargeTitleFont</font>
								<scroll>true</scroll>
								<animation effect="fade" start="0" end="100" time="100" delay="100" reversible="false" condition="Container.OnNext">Focus</animation>
								<animation effect="fade" start="0" end="100" time="100" delay="100" reversible="false" condition="Container.OnPrevious">Focus</animation>
							</control>
						</control>
						<control type="group">
							<visible>Container.Content(episodes) + IsEmpty(Container.Property(mixedParents))</visible>
							<control type="label">
								<posx>60</posx>
								<width>454</width>
								<height>42</height>
								<align>left</align>
								<aligny>center</aligny>
								<label>$INFO[ListItem.episode]. $INFO[ListItem.Label]</label>
								<font>MediumSmallDefaultCapsFont</font>
								<scroll>true</scroll>
								<animation effect="fade" start="0" end="100" time="100" delay="100" reversible="false" condition="Container.OnNext">Focus</animation>
								<animation effect="fade" start="0" end="100" time="100" delay="100" reversible="false" condition="Container.OnPrevious">Focus</animation>
								<visible>!IsEmpty(ListItem.episode)</visible>
							</control>
							<control type="label">
								<posx>60</posx>
								<width>454</width>
								<height>42</height>
								<align>left</align>
								<aligny>center</aligny>
								<label>$INFO[ListItem.Label]</label>
								<font>MediumSmallDefaultCapsFont</font>
								<scroll>true</scroll>
								<animation effect="fade" start="0" end="100" time="100" delay="100" reversible="false" condition="Container.OnNext">Focus</animation>
								<animation effect="fade" start="0" end="100" time="100" delay="100" reversible="false" condition="Container.OnPrevious">Focus</animation>
								<visible>IsEmpty(ListItem.episode)</visible>
							</control>
						</control>
						<control type="group">
							<visible>Container.Content(episodes) + !IsEmpty(Container.Property(mixedParents))</visible>
							<control type="label">
								<description>shadow</description>
								<posx>60</posx>
								<posy>1</posy>
								<width>454</width>
								<height>42</height>
								<align>left</align>
								<aligny>center</aligny>
								<label>$INFO[ListItem.TVShowTitle]: $INFO[ListItem.Label]</label>
								<font>MediumSmallDefaultCapsFont</font>
								<textcolor>25000000</textcolor>
								<scroll>true</scroll>
								<animation effect="fade" start="0" end="100" time="100" delay="100" reversible="false" condition="Container.OnNext">Focus</animation>
								<animation effect="fade" start="0" end="100" time="100" delay="100" reversible="false" condition="Container.OnPrevious">Focus</animation>
							</control>
							<control type="label">
								<posx>60</posx>
								<width>454</width>
								<height>42</height>
								<align>left</align>
								<aligny>center</aligny>
								<label>$INFO[ListItem.TVShowTitle]: $INFO[ListItem.Label]</label>
								<font>MediumSmallDefaultCapsFont</font>
								<scroll>true</scroll>
								<animation effect="fade" start="0" end="100" time="100" delay="100" reversible="false" condition="Container.OnNext">Focus</animation>
								<animation effect="fade" start="0" end="100" time="100" delay="100" reversible="false" condition="Container.OnPrevious">Focus</animation>
							</control>
						</control>
						<!-- unwatched icon -->
						<control type="image">
							<visible>Window.IsActive(24) + !Container.Content(TVShows) + !Container.Content(Seasons) + !Container.Content(plugincontent)</visible>
							<posx>535</posx>
							<posy>5</posy>
							<width>35</width>
							<height>35</height>
							<info>ListItem.Overlay</info>
							<include>MediaListItemFade</include>
						</control>
						<control type="label">
							<visible>![Container.Content(Episodes) | Container.Content(TVShows) | Container.Content(movies) | Container.Content(clip)]</visible>
							<posx>550</posx>
							<posy>0</posy>
							<width>95</width>
							<height>42</height>
							<align>center</align>
							<aligny>center</aligny>
							<label>$INFO[ListItem.Label2]</label>
							<font>SmallDefaultCapsFont</font>
							<include>MediaListItemFade</include>
						</control>
					</focusedlayout>
				</control>
			</control>
			<!-- scrollbars -->
			<control type="group">
				<posx>658</posx>
				<include>MediaViewFade</include>
				<!-- all but albums -->
				<control type="scrollbar" id="61">
					<posx>3</posx>
					<posy>228</posy>
					<height>463</height>
					<onup>61</onup>
					<ondown>61</ondown>
					<onleft>50</onleft>
					<onright>9009</onright>
					<showonepage>true</showonepage>
					<visible>![Container.Content(albums) | [Container.Content(plugincontent) + Container.Content(artists)]]</visible>
				</control>
				<!-- albums -->
				<control type="scrollbar" id="61">
					<posx>203</posx>
					<posy>228</posy>
					<height>463</height>
					<onup>61</onup>
					<ondown>61</ondown>
					<onleft>50</onleft>
					<onright>9009</onright>
					<showonepage>true</showonepage>
					<visible>Container.Content(albums) | [Container.Content(plugincontent) + Container.Content(artists)]</visible>
				</control>
			</control>
			<!-- right side thumbs -->
			<control type="group">
				<posx>800</posx>
				<posy>300</posy>
				<visible>!Container.OnNext + !Container.OnPrevious</visible>
				<animation effect="fade" start="0" end="100" time="1000" delay="300" condition="Control.HasFocus(56)" reversible="false">Conditional</animation>
				<animation effect="fade" start="0" end="100" time="2000" delay="0">WindowOpen</animation>
				<animation effect="fade" start="0" end="100" time="400" delay="0">Visible</animation>
				<animation effect="fade" start="0" end="0" time="0">Hidden</animation>
				<!-- selected listitem thumbs -->	
				<control type="grouplist">
					<orientation>horizontal</orientation>
					<itemgap>16</itemgap>					
					<control type="image">
						<width max="200">auto</width>
						<height>350</height>
						<bordertexture border="14">bigPosterFrameShadow.png</bordertexture>
						<bordersize>9</bordersize>
						<texture background="true" diffuse="bigPosterMask.png">$INFO[ListItem(0).Thumb0]</texture>
						<aspectratio scalediffuse="true" align="center" aligny="center">keep</aspectratio>
						<visible>!IsEmpty(ListItem(0).Thumb0)</visible>
					</control>
					<control type="grouplist">
						<orientation>vertical</orientation>
						<itemgap>16</itemgap>
						<control type="image">
							<width max="175">auto</width>
							<height>175</height>
							<bordertexture border="14">bigPosterFrameShadow.png</bordertexture>
							<bordersize>9</bordersize>
							<texture background="true" diffuse="bigPosterMask.png">$INFO[ListItem(0).Thumb1]</texture>
							<aspectratio scalediffuse="true" align="center" aligny="top">keep</aspectratio>
							<visible>!IsEmpty(ListItem(0).Thumb1)</visible>
						</control>
						<control type="image">
							<width max="175">auto</width>
							<height>175</height>
							<bordertexture border="14">bigPosterFrameShadow.png</bordertexture>
							<bordersize>9</bordersize>
							<texture background="true" diffuse="bigPosterMask.png">$INFO[ListItem(0).Thumb2]</texture>
							<aspectratio scalediffuse="true" align="center" aligny="bottom">keep</aspectratio>
							<visible>!IsEmpty(ListItem(0).Thumb2)</visible>
						</control>
					</control>
				</control>
			</control>
		</control>
		<control type="group">
			<posy>9</posy>
			<include>TopOverlayTitlePos</include>
			<visible>!Control.IsVisible(53) | !Container(53).Row(0)</visible>
			<control type="group">
				<visible>!IsEmpty(Container.SecondTitle)</visible>
				<include>TopOverlayFirstTitleSlide</include>
				<control type="grouplist">
					<orientation>horizontal</orientation>
					<itemgap>7</itemgap>
					<control type="label">
						<height>26</height>
						<font>LargeTitleFont</font>
						<align>right</align>
						<aligny>center</aligny>
						<label>[COLOR=raspberry][B]&#xB7;[/B][/COLOR]</label>
						<width>10</width>
					</control>
					<control type="label">
						<description>First title</description>
						<include>TopOverlayFirstTitleAreaText</include>
						<label>$INFO[Container.FirstTitle]</label>
					</control>
					<control type="label">
						<description>Second title</description>
						<label>: $INFO[Container.SecondTitle]</label>
						<include>TopOverlaySecondTitleAreaText</include>
					</control>
				</control>
			</control>
			<control type="group">
				<visible>IsEmpty(Container.SecondTitle) + !IsEmpty(Container.FirstTitle)</visible>
				<include>TopOverlayFirstTitleSlide</include>
				<control type="grouplist">
					<orientation>horizontal</orientation>
					<itemgap>7</itemgap>
					<control type="label">
						<height>26</height>
						<font>LargeTitleFont</font>
						<align>right</align>
						<aligny>center</aligny>
						<label>[COLOR=raspberry][B]&#xB7;[/B][/COLOR]</label>
						<width>10</width>
					</control>
					<control type="label">
						<description>First title</description>
						<include>TopOverlayFirstTitleAreaText</include>
						<label>Shared Content</label>
					</control>
				</control>
			</control>
			<control type="group">
				<visible>IsEmpty(Container.FirstTitle) + IsEmpty(Container.SecondTitle)</visible>
				<include>TopOverlayFirstTitleSlide</include>
				<control type="grouplist">
					<orientation>horizontal</orientation>
					<itemgap>7</itemgap>
					<control type="label">
						<height>26</height>
						<font>LargeTitleFont</font>
						<align>right</align>
						<aligny>center</aligny>
						<label>[COLOR=raspberry][B]&#xB7;[/B][/COLOR]</label>
						<width>10</width>
					</control>
					<control type="label">
						<description>Videos label</description>
						<include>TopOverlayFirstTitleAreaText</include>
						<label>Shared Content</label>
					</control>
				</control>
			</control>
		</control>
		<control type="group">
			<visible>!Control.IsVisible(53) | !Container(53).Row(0)</visible>
			<include>Clock</include>
			<include>MusicNowPlayingIndicators</include>
		</control>
		<control type="group">
			<visible>!Control.IsVisible(53) | ![Container(53).Position(22) | Container(53).Position(23)]</visible>
			<include>MediaCount</include>
		</control>
		<include>CommonSortLetters</include>
	</controls>
</window>
