<?xml version="1.0"?>
<window id="6">
	<defaultcontrol>56</defaultcontrol>
	<allowoverlay>yes</allowoverlay>
	<controls>
		<include>Background</include>
		<!-- -->
		<!--><include>List</include>-->
		<include>InfoList</include>
		<include>PanelStream</include>
		<include>Coverflow</include>
		<include>WallStream</include>
		<!-- -->
		<!--><control type="group">
			<include>TopOverlayTitlePos</include>
			<visible>!Control.IsVisible(53) | !Container(53).Row(0)</visible>
			<include>TopOverlayFirstTitleAreaBG</include>
			<control type="label">
				<description>Video Playlist label</description>
				<include>TopOverlayFirstTitleAreaText</include>
				<label>$LOCALIZE[31001] $LOCALIZE[559]</label>
			</control>
		</control>-->
		<control type="group">
			<posy>9</posy>
			<visible>!Control.IsVisible(53) | !Container(53).Row(0)</visible>
			<include>TopOverlayTitlePos</include>
			<control type="grouplist">
				<include>TopOverlayFirstTitleSlide</include>
				<orientation>horizontal</orientation>
				<itemgap>7</itemgap>
				<control type="label">
					<height>26</height>
					<font>LargeTitleFont</font>
					<align>right</align>
					<aligny>center</aligny>
					<label>[COLOR=raspberry][B]&#xB7;[/B][/COLOR]</label>
					<width>10</width>
				</control>
				<control type="label">
					<description>Video Playlist label</description>
					<include>TopOverlayFirstTitleAreaText</include>
					<label>$LOCALIZE[31001] $LOCALIZE[559]</label>
				</control>
			</control>
		</control>
		<control type="group">
			<visible>!Control.IsVisible(53) | !Container(53).Row(0)</visible>
			<include>Clock</include>
			<include>MusicNowPlayingIndicators</include>
		</control>
		<control type="group">
			<visible>!Control.IsVisible(53) | ![Container(53).Position(22) | Container(53).Position(23)]</visible>
			<include>MediaCount</include>
		</control>
		<include condition="!Skin.HasSetting(HideOptionsMenu)">OptionsMenu</include>
	</controls>
</window>
