<?xml version="1.0"?>
<window id="6">
	<defaultcontrol>56</defaultcontrol>
	<allowoverlay>yes</allowoverlay>
	<controls>
		<include>Background</include>
		<!-- -->
		<include>InfoList</include>
		<!--<include>List</include>-->
		<include>TV</include>
		<!-- <include>TVEpisodes</include> -->
		<!-- <include>Showcase</include> -->
		<include>MediaPreview</include>
		<include>PanelStream</include>
		<!--<include>Coverflow</include>-->
		<!--<include>WallStream</include>-->
		<include>PluginStream</include>
		<!--<include>GridView</include>-->
		<!-- -->
		<control type="group">
			<posy>9</posy>
			<include>TopOverlayTitlePos</include>
			<visible>!Control.IsVisible(53) | !Container(53).Row(0)</visible>
			<control type="group">
				<visible>!IsEmpty(Container.SecondTitle)</visible>
				<include>TopOverlayFirstTitleSlide</include>
				<control type="grouplist">
					<orientation>horizontal</orientation>
					<itemgap>7</itemgap>
					<control type="label">
						<height>26</height>
						<font>LargeTitleFont</font>
						<align>right</align>
						<aligny>center</aligny>
						<label>[COLOR=raspberry][B]&#xB7;[/B][/COLOR]</label>
						<width>10</width>
					</control>
					<control type="label">
						<description>First title</description>
						<include>TopOverlayFirstTitleAreaText</include>
						<label>$INFO[Container.FirstTitle]</label>
					</control>
					<control type="label">
						<description>Second title</description>
						<label>: $INFO[Container.SecondTitle]</label>
						<include>TopOverlaySecondTitleAreaText</include>
					</control>
				</control>
			</control>
			<control type="group">
				<visible>IsEmpty(Container.SecondTitle) + !IsEmpty(Container.FirstTitle)</visible>
				<include>TopOverlayFirstTitleSlide</include>
				<control type="grouplist">
					<orientation>horizontal</orientation>
					<itemgap>7</itemgap>
					<control type="label">
						<height>26</height>
						<font>LargeTitleFont</font>
						<align>right</align>
						<aligny>center</aligny>
						<label>[COLOR=raspberry][B]&#xB7;[/B][/COLOR]</label>
						<width>10</width>
					</control>
					<control type="label">
						<description>First title</description>
						<include>TopOverlayFirstTitleAreaText</include>
						<label>$INFO[Container.FirstTitle]</label>
					</control>
				</control>
			</control>
			<control type="group">
				<visible>IsEmpty(Container.FirstTitle) + IsEmpty(Container.SecondTitle)</visible>
				<include>TopOverlayFirstTitleSlide</include>
				<control type="grouplist">
					<orientation>horizontal</orientation>
					<itemgap>7</itemgap>
					<control type="label">
						<height>26</height>
						<font>LargeTitleFont</font>
						<align>right</align>
						<aligny>center</aligny>
						<label>[COLOR=raspberry][B]&#xB7;[/B][/COLOR]</label>
						<width>10</width>
					</control>
					<control type="label">
						<description>Videos label</description>
						<include>TopOverlayFirstTitleAreaText</include>
						<label>$LOCALIZE[31971]</label>
					</control>
				</control>
			</control>
		</control>
		<control type="group">
			<visible>!Control.IsVisible(53) | !Container(53).Row(0)</visible>
			<include>Clock</include>
			<include>MusicNowPlayingIndicators</include>
		</control>
		<control type="group">
			<visible>!Control.IsVisible(53) | ![Container(53).Position(22) | Container(53).Position(23)]</visible>
			<include>MediaCount</include>
		</control>
		<include condition="!Skin.HasSetting(HideOptionsMenu)">OptionsMenu</include>
		<include>CommonSortLetters</include>
		<control type="group">
			<visible>Player.HasAudio</visible>
			<include>MusicOverlayNowPlayingDims</include>
			<include>MusicNowPlaying</include>
		</control>
	</controls>
</window>
