<?xml version="1.0"?>
<includes>
	<include name="OptionsMenuFade">
		<animation effect="fade" time="400" start="0" end="100">Visible</animation>
		<animation effect="fade" time="200" start="100" end="0">Hidden</animation>
	</include>
	<include name="OptionsMenu">
		<control type="group">
			<visible>!Control.IsVisible(9009)</visible>
			<include>OptionsMenuFade</include>
			<control type="image" id="9007">
				<description>Options menu (Press Up)</description>
				<posx>1210</posx>
				<posy>9</posy>
				<width>64</width>
				<height>34</height>
				<texture>OMIndicUp.png</texture>
				<visible>!Control.IsVisible(9008)</visible>
			</control>
			<control type="image" id="9008">
				<description>Options menu (Press Right)</description>
				<posx>1210</posx>
				<posy>9</posy>
				<width>64</width>
				<height>34</height>
				<texture>OMIndicRight.png</texture>
				<visible>Control.IsVisible(50) | Control.IsVisible(52) | Control.IsVisible(53) | Control.IsVisible(56) | Control.IsVisible(53) | [[Control.IsVisible(54) | Control.IsVisible(57)] + Window.IsActive(24)] | [[Control.IsVisible(51) | Control.IsVisible(57)] + [Window.IsVisible(MyMusicFiles) | Window.IsVisible(MyMusicLibrary)]] | [Control.IsVisible(561) + Window.IsVisible(MyPictures)]</visible>
			</control>
		</control>
		<include>OptionsMenuUI</include>
	</include>
	<include name="OptionsMenuVisible">
		<visible allowhiddenfocus="true">ControlGroup(9009).HasFocus()</visible>
	</include>
	<include name="OMTitleItem">
		<align>center</align>
		<width>OMTextWidth</width>
		<height>24</height>
		<font>MediumTitleCapsFont</font>
	</include>
	<include name="OMViewThumb">
		<posx>10</posx>
		<include>OMViewThumbDims</include>
		<aspectratio>keep</aspectratio>
		<bordertexture>Grey.png</bordertexture>
		<bordersize>1</bordersize>
		<visible>!Skin.HasSetting(HideOptionMenuThumbs)</visible>
	</include>
	<include name="OMNoViewThumbSlide">
		<animation effect="slide" time="0" start="0,0" end="0,-130" condition="Skin.HasSetting(HideOptionMenuThumbs)">Conditional</animation>
	</include>
	<include name="OMViewLabelItem">
		<posy>125</posy>
		<width>OMTextWidth</width>
		<height>30</height>
		<font>MediumSmallTitleFont2</font>
		<align>center</align>
		<textcolor>Selected</textcolor>
	</include>
	<include name="OMButtonItem">
		<width>OMTextWidth</width>
		<font>MediumSmallTitleFont2</font>
		<textoffsetx>10</textoffsetx>
		<textoffsety>1</textoffsety>
		<include>DialogTextControl</include>
	</include>
	<include name="OMViewLargeThumb">
		<include>OMViewLargeThumbDims</include>
		<aspectratio aligny="bottom">keep</aspectratio>
		<bordertexture border="14">ThumbShadow2.png</bordertexture>
		<bordersize>10</bordersize>
	</include>
	<include name="OptionsMenuUI">
		<control type="group" id="9009">
			<include>OptionsMenuPos</include>
			<include>OptionsMenuVisible</include>
			<include>VideoOSDSlideLeft</include>
			<control type="image">
				<description>Background Image</description>
				<posx>-38</posx>
				<posy>0</posy>
				<include>OptionsMenuBGDims</include>
				<texture>OptionsPanel.png</texture>
			</control>
			<control type="label" id="900">
				<description>View Options</description>
				<posy>5</posy>
				<label>$LOCALIZE[14018]</label>
				<include>OMTitleItem</include>
			</control>
			<!-- Current View Details -->
			<control type="group" id="9010">
				<posy>36</posy>
				<width>OMTextWidth</width>
				<include>OMNoViewThumbSlide</include>
				<control type="image" id="9100">
					<description>List Thumb</description>
					<texture>ViewThumbList.png</texture>
					<visible>ControlGroup(9009).HasFocus() + Control.HasFocus(911)</visible>
					<include>OMViewThumb</include>
				</control>
				<control type="label" id="9100">
					<description>List view selected</description>
					<label>$LOCALIZE[535]</label>
					<visible>Control.IsVisible(50)</visible>
					<include>OMViewLabelItem</include>
				</control>
				<control type="image" id="9101">
					<description>Media Preview Thumb</description>
					<texture>ViewThumbMediaPreview.png</texture>
					<visible>ControlGroup(9009).HasFocus() + Control.HasFocus(915)</visible>
					<include>OMViewThumb</include>
				</control>
				<control type="label" id="9101">
					<description>Media Preview selected</description>
					<label>$LOCALIZE[31707]</label>
					<visible>Control.IsVisible(51) + Window.IsActive(24)</visible>
					<include>OMViewLabelItem</include>
				</control>
				<control type="image" id="9103">
					<description>TV Wide Thumb</description>
					<texture>ViewThumbTVWide.png</texture>
					<visible>ControlGroup(9009).HasFocus() + Control.HasFocus(925) + Container.Content(tvshows)</visible>
					<include>OMViewThumb</include>
				</control>
				<control type="label" id="9103">
					<description>TV Wide view button</description>
					<label>$LOCALIZE[539]</label>
					<visible>Control.IsVisible(57) + Window.IsActive(24) + Container.Content(tvshows)</visible>
					<include>OMViewLabelItem</include>
				</control>
				<control type="image" id="9104">
					<description>TV Seasons Thumb</description>
					<texture>ViewThumbSeasons.png</texture>
					<visible>ControlGroup(9009).HasFocus() + Control.HasFocus(926) + Container.Content(seasons)</visible>
					<include>OMViewThumb</include>
				</control>
				<control type="label" id="9104">
					<description>TV Seasons view button</description>
					<label>$LOCALIZE[31703]</label>
					<visible>Control.IsVisible(57) + Window.IsActive(24) + Container.Content(seasons)</visible>
					<include>OMViewLabelItem</include>
				</control>
				<control type="image" id="9105">
					<description>TV Episodes Thumb</description>
					<texture>ViewThumbEpisodes.png</texture>
					<visible>Control.IsVisible(56) + Container.Content(episodes)</visible>
					<include>OMViewThumb</include>
				</control>
				<control type="label" id="9105">
					<description>Episodes view button</description>
					<label>$LOCALIZE[31711]</label>
					<visible>Control.IsVisible(56) + Container.Content(episodes)</visible>
					<include>OMViewLabelItem</include>
				</control>
				<control type="image" id="9106">
					<description>Albums Thumb</description>
					<texture>ViewThumbAlbums.png</texture>
					<visible>Control.IsVisible(51) + [Window.IsVisible(MyMusicFiles) | Window.IsVisible(MyMusicLibrary)]</visible>
					<include>OMViewThumb</include>
				</control>
				<control type="label" id="9106">
					<description>Albums view button</description>
					<visible>Control.IsVisible(51) + [Window.IsVisible(MyMusicFiles) | Window.IsVisible(MyMusicLibrary)]</visible>
					<label>$LOCALIZE[132]</label>
					<include>OMViewLabelItem</include>
				</control>
				<control type="image" id="9107">
					<description>Songs Thumb</description>
					<texture>ViewThumbSongs.png</texture>
					<visible>Control.IsVisible(57) + [Window.IsVisible(MyMusicFiles) | Window.IsVisible(MyMusicLibrary) | Window.IsVisible(MyMusicPlaylist)]</visible>
					<include>OMViewThumb</include>
				</control>
				<control type="label" id="9107">
					<description>Songs view button</description>
					<label>$LOCALIZE[134]</label>
					<visible>Control.IsVisible(57) + [Window.IsVisible(MyMusicFiles) | Window.IsVisible(MyMusicLibrary) | Window.IsVisible(MyMusicPlaylist)]</visible>
					<include>OMViewLabelItem</include>
				</control>
				<control type="image" id="9108">
					<description>Image Stream Thumb</description>
					<texture>ViewThumbImageStream.png</texture>
					<visible>ControlGroup(9009).HasFocus() + Control.HasFocus(910) + [Window.IsActive(2)]</visible>
					<include>OMViewThumb</include>
				</control>
				<control type="label" id="9108">
					<description>Pictures view button</description>
					<visible>Control.IsVisible(561) + Window.IsActive(2)</visible>
					<label>$LOCALIZE[1]</label>
					<include>OMViewLabelItem</include>
				</control>
				<control type="image" id="9109">
					<description>Info List Thumb</description>
					<texture>ViewThumbInfoList.png</texture>
					<visible>ControlGroup(9009).HasFocus() + Control.HasFocus(912)</visible>
					<include>OMViewThumb</include>
				</control>
				<control type="label" id="9109">
					<description>Info List view selected</description>
					<label>$LOCALIZE[31711]</label>
					<visible>!Window.IsActive(2) + [Control.IsVisible(56) + !Container.Content(episodes)]</visible>
					<include>OMViewLabelItem</include>
				</control>
				<control type="image" id="9110">
					<description>Pictures Thumb</description>
					<texture>ViewThumbPictures.png</texture>
					<visible>ControlGroup(9009).HasFocus() + Control.HasFocus(911) + [Window.IsActive(2)]</visible>
					<include>OMViewThumb</include>
				</control>
				<control type="label" id="9110">
					<description>Image Stream view button</description>
					<visible>Control.IsVisible(57) + [Window.IsActive(2)]</visible>
					<label>$LOCALIZE[31712]</label>
					<include>OMViewLabelItem</include>
				</control>
				<control type="image" id="9112">
					<description>Panel Stream Thumb</description>
					<texture>ViewThumbPanelStream.png</texture>
					<visible>ControlGroup(9009).HasFocus() + [Control.HasFocus(957) | Control.HasFocus(958) | Control.HasFocus(960)]</visible>
					<include>OMViewThumb</include>
				</control>
				<control type="label" id="9112">
					<description>Panel Stream view button</description>
					<visible>Control.IsVisible(52)</visible>
					<label>$LOCALIZE[31715]</label>
					<include>OMViewLabelItem</include>
				</control>
				<control type="image" id="9113">
					<description>Coverflow Thumb</description>
					<texture>ViewThumbCoverflow.png</texture>
					<visible>Control.IsVisible(55)</visible>
					<include>OMViewThumb</include>
				</control>
				<control type="label" id="9113">
					<description>Coverflow view button</description>
					<label>$LOCALIZE[31716]</label>
					<visible>Control.IsVisible(55)</visible>
					<include>OMViewLabelItem</include>
				</control>
				<control type="image" id="9114">
					<description>Wall Stream Thumb</description>
					<texture>ViewThumbWallStream.png</texture>
					<visible>Control.IsVisible(53)</visible>
					<include>OMViewThumb</include>
				</control>
				<control type="label" id="9114">
					<description>Wall Stream view button</description>
					<label>$LOCALIZE[31714]</label>
					<visible>Control.IsVisible(53)</visible>
					<include>OMViewLabelItem</include>
				</control>
				<control type="image" id="9115">
					<description>Plugin Stream Thumb</description>
					<texture>ViewThumbPluginStream.png</texture>
					<visible>ControlGroup(9009).HasFocus() + [Control.HasFocus(960) | Control.HasFocus(980)]</visible>
					<include>OMViewThumb</include>
				</control>
				<control type="label" id="9115">
					<description>Plugin Stream view button</description>
					<label>$LOCALIZE[31722]</label>
					<visible>Control.IsVisible(59) + !Container.Content(Songs) + !Container.Content(Albums) + !Container.Content(Artists)</visible>
					<include>OMViewLabelItem</include>
				</control>
				<control type="label" id="9115">
					<description>Plugin Stream view button</description>
					<label>$LOCALIZE[31715]</label>
					<visible>Control.IsVisible(59) + [Container.Content(Songs) | Container.Content(Albums) | Container.Content(Artists)]</visible>
					<include>OMViewLabelItem</include>
				</control>
				<control type="label" id="9115">
					<description>Plugin Stream view button</description>
					<label>$LOCALIZE[31715]</label>
					<visible>Control.IsVisible(591)</visible>
					<include>OMViewLabelItem</include>
				</control>
			</control>
			<!-- Possible View Options -->
			<!-- photos views -->
			<control type="grouplist" id="9011">
				<visible>Window.IsVisible(2)</visible>
				<posy>190</posy>
				<width>OMTextWidth</width>
				<height>522</height>
				<orientation>vertical</orientation>
				<itemgap>2</itemgap>
				<onleft>57</onleft>
				<include>OMNoViewThumbSlide</include>
				<control type="button" id="910">
					<description>Image Stream view button</description>
					<visible>!Container.Content(Secondary)</visible>
					<label>$LOCALIZE[31712]</label>
					<onclick>Container.SetViewMode(57)</onclick>
					<onclick>SetFocus(57)</onclick>
					<include>OMButtonItem</include>
				</control>
				<control type="button" id="911">
					<description>Pictures view button</description>
					<visible>!Container.Content(Secondary)</visible>
					<label>$LOCALIZE[1]</label>
					<onclick>Container.SetViewMode(561)</onclick>
					<onclick>SetFocus(561)</onclick>
					<include>OMButtonItem</include>
				</control>
				<!--><control type="button" id="980">
					<description>Plugin Stream pics button</description>
					<visible>Container.Content(Plugins) + [!Control.IsVisible(561) + !Control.IsVisible(57)]</visible>
					<label>$LOCALIZE[31722]</label>
					<onclick>Container.SetViewMode(591)</onclick>
					<onclick>SetFocus(591)</onclick>
					<include>OMButtonItem</include>
				</control>-->
				<control type="button" id="912">
					<description>Info List view button</description>
					<label>$LOCALIZE[31711]</label>
					<onclick>Container.SetViewMode(56)</onclick>
					<onclick>SetFocus(56)</onclick>
					<include>OMButtonItem</include>
				</control>
			</control>
			<!-- non-photos views -->
			<control type="grouplist" id="9011">
				<visible>!Window.IsVisible(2)</visible>
				<posy>190</posy>
				<width>OMTextWidth</width>
				<height>522</height>
				<orientation>vertical</orientation>
				<itemgap>2</itemgap>
				<onup>9011</onup>
				<ondown>9011</ondown>
				<onleft>56</onleft>
				<include>OMNoViewThumbSlide</include>
				<control type="button" id="911">
					<description>List view button</description>
					<visible>false</visible>
					<label>$LOCALIZE[535]</label>
					<onclick>Container.SetViewMode(50)</onclick>
					<onclick>SetFocus(50)</onclick>
					<include>OMButtonItem</include>
				</control>
				<control type="button" id="912">
					<description>Info List view button</description>
					<label>$LOCALIZE[31711]</label>
					<onclick>Container.SetViewMode(56)</onclick>
					<onclick>SetFocus(56)</onclick>
					<include>OMButtonItem</include>
				</control>
				<control type="button" id="915">
					<description>Media Preview button</description>
					<visible>![Container.Content(Seasons) | Container.Content(Albums) | Container.Content(Artists) | Container.Content(Songs) | Container.Content(Plugins) | Container.Content(plugincontent) | Container.Content(Secondary)]</visible>
					<label>$LOCALIZE[31707]</label>
					<onclick>Container.SetViewMode(51)</onclick>
					<onclick>SetFocus(51)</onclick>
					<include>OMButtonItem</include>
				</control>
				<control type="button" id="925">
					<description>TV Wide view button</description>
					<visible>Container.Content(tvshows) + !Container.Content(Secondary)</visible>
					<label>$LOCALIZE[539]</label>
					<onclick>Container.SetViewMode(57)</onclick>
					<onclick>SetFocus(57)</onclick>
					<include>OMButtonItem</include>
				</control>
				<control type="button" id="926">
					<description>TV Seasons view button</description>
					<visible>Container.Content(seasons) + !Container.Content(Secondary)</visible>
					<label>$LOCALIZE[31703]</label>
					<onclick>Container.SetViewMode(57)</onclick>
					<onclick>SetFocus(57)</onclick>
					<include>OMButtonItem</include>
				</control>
				<!--<control type="button" id="927">
					<description>Episodes view button</description>
					<visible>!Control.IsVisible(56) + [Container.Content(episodes) + !Container.Content(Plugins)]</visible>
					<label>$LOCALIZE[31721]</label>
					<onclick>Container.SetViewMode(56)</onclick>
					<onclick>SetFocus(50)</onclick>
					<include>OMButtonItem</include>
				</control>-->
				<!--><control type="button" id="950">
					<description>Photo view button</description>
					<visible>!Control.IsVisible(51) + Control.IsVisible(9814)</visible>
					<label>$LOCALIZE[31704]</label>
					<onclick>Container.SetViewMode(51)</onclick>
					<onclick>SetFocus(56)</onclick>
					<include>OMButtonItem</include>
				</control>-->
				<control type="button" id="957">
					<description>Panel Stream view button</description>
					<visible>!Container.Content(Secondary) + ![Window.IsVisible(501) | Window.IsVisible(MyPictures) | Container.Content(plugincontent) | Container.Content(plugins)]</visible>
					<label>$LOCALIZE[31715]</label>
					<onclick>Container.SetViewMode(52)</onclick>
					<onclick>SetFocus(52)</onclick>
					<include>OMButtonItem</include>
				</control>
				<!--<control type="button" id="958">
					<description>Panel Stream view button</description>
					<visible>!Control.IsVisible(59) + [Container.Content(Songs) | Container.Content(Albums) | Container.Content(Artists) | Container.Content(Plugins)]</visible>
					<label>$LOCALIZE[31715]</label>
					<onclick>Container.SetViewMode(59)</onclick>
					<onclick>SetFocus(50)</onclick>
					<include>OMButtonItem</include>
				</control>-->
				<!--<control type="button" id="959">
					<description>Wall Stream view button</description>
					<visible>!Control.IsVisible(53) + !Container.Content(Seasons) + !Container.Content(Songs) + !Window.IsVisible(MyPictures) + !Container.Content(Secondary) + !Container.Content(Plugins)</visible>
					<label>$LOCALIZE[31714]</label>
					<onclick>Container.SetViewMode(53)</onclick>
					<onclick>SetFocus(50)</onclick>
					<include>OMButtonItem</include>
				</control>-->
				<control type="button" id="960">
					<description>Plugin Stream view button</description>
					<visible>![Container.Content(Plugincontent) | Container.Content(episodes) | Container.Content(tvshows) | Container.Content(seasons) | Container.Content(artists) | Container.Content(albums) | Container.Content(songs) | Container.Content(movies) | Container.Content(photos) | Window.IsActive(6) | Container.Content(Secondary)]</visible>
					<label>$LOCALIZE[31722]</label>
					<onclick>Container.SetViewMode(59)</onclick>
					<onclick>SetFocus(59)</onclick>
					<include>OMButtonItem</include>
				</control>
				<!-- Setup Options -->
				<control type="label" id="1000">
					<description>Setup Options</description>
					<label>$LOCALIZE[31713]</label>
					<include>OMTitleItem</include>
					<!--<visible>Window.IsVisible(MyVideoPlaylist) | Window.IsVisible(MyMusicPlaylist) | Window.IsVisible(MyPictures)</visible>-->
					<visible>Window.IsVisible(MyVideoPlaylist) | Window.IsVisible(MyMusicPlaylist)</visible>
				</control>
				<control type="button" id="26">
					<description>Repeat button</description>
					<visible>Window.IsVisible(MyVideoPlaylist) | Window.IsVisible(MyMusicPlaylist)</visible>
					<label>486</label>
					<onclick>PlayerControls(Repeat)</onclick>
					<include>OMButtonItem</include>
				</control>
				<control type="button" id="21">
					<description>Save button</description>
					<visible>Window.IsVisible(MyVideoPlaylist) | Window.IsVisible(MyMusicPlaylist)</visible>
					<label>190</label>
					<include>OMButtonItem</include>
				</control>
				<control type="button" id="22">
					<description>Clear button</description>
					<visible>[Window.IsVisible(MyVideoPlaylist) | Window.IsVisible(MyMusicPlaylist)]</visible>
					<label>192</label>
					<include>OMButtonItem</include>
				</control>
				<!--<control type="radiobutton" id="10">
					<description>Randomize button</description>
					<visible>Window.IsVisible(MyPictures)</visible>
					<label>13319</label>
					<include>OMButtonItem</include>
				</control>-->
				<control type="radiobutton" id="20">
					<description>Shuffle Toggle</description>
					<visible>Window.IsVisible(MyVideoPlaylist) | Window.IsVisible(MyMusicPlaylist)</visible>
					<label>191</label>
					<onclick>PlayerControls(Random)</onclick>
					<include>OMButtonItem</include>
				</control>
				<control type="radiobutton" id="3501">
					<description>Display Rotated Season Thumb</description>
					<label>$LOCALIZE[31678]</label>
					<onclick>Skin.ToggleSetting(ShowSeasonThumbInEps)</onclick>
					<selected>Skin.HasSetting(ShowSeasonThumbInEps)</selected>
					<visible>Control.IsVisible(54) + [Window.IsActive(24)]</visible>
					<include>OMButtonItem</include>
				</control>
				<control type="label" id="995">
					<description>Developer Items</description>
					<label>Developer</label>
					<visible>Skin.HasSetting(Developer)</visible>
					<include>OMTitleItem</include>
				</control>
				<control type="button" id="996">
					<description>Developer Refresh Button</description>
					<visible>Skin.HasSetting(Developer)</visible>
					<label>Refresh</label>
					<onclick>XBMC.ReloadSkin()</onclick>
					<include>OMButtonItem</include>
				</control>
				<control type="radiobutton" id="997">
					<description>Dev Background</description>
					<visible>Skin.HasSetting(Developer)</visible>
					<label>Dev Background</label>
					<onclick>Skin.ToggleSetting(Developer_Background_Visible)</onclick>
					<selected>Skin.HasSetting(Developer_Background_Visible)</selected>
					<include>OMButtonItem</include>
				</control>
			</control>
		</control>
	</include>
</includes>
