<?xml version="1.0"?>
<includes>
	<include name="NowPlayingCurrentCover">
		<control type="group">
			<description>Current cover</description>
			<control type="image">
				<posx>-9</posx>
				<posy>-9</posy>
				<width>350</width>
				<height>350</height>
				<aspectratio align="center" aligny="top">stretch</aspectratio>
				<texture border="13">bigPosterFrameShadow.png</texture>
			</control>
			<control type="image">
				<width>330</width>
				<height>330</height>
				<info>MusicPlayer.Cover</info>
				<aspectratio scalediffuse="false">scale</aspectratio>
				<texture diffuse="bigSquareMask.png"/>
			</control>
		</control>
	</include>
	<include name="NowPlayingNextCover">
		<control type="group">
			<description>Next cover</description>
			<control type="image">
				<posx>-9</posx>
				<posy>-9</posy>
				<width>284</width>
				<height>284</height>
				<aspectratio align="center" aligny="top">stretch</aspectratio>
				<texture border="13">bigPosterFrameShadow.png</texture>
			</control>
			<control type="image">
				<width>264</width>
				<height>264</height>
				<info>MusicPlayer.NextNewCover</info>
				<aspectratio scalediffuse="false">scale</aspectratio>
				<texture diffuse="bigSquareMask.png"/>
			</control>
		</control>
	</include>
	<include name="NowPlayingCurrentInfo">
		<control type="group">
			<description>Current track info</description>
			<control type="label">
				<posx>500</posx>
				<width>500</width>
				<font>MediumSmallTitleFont2</font>
				<textcolor>raspberry</textcolor>
				<label>$INFO[MusicPlayer.Artist]</label>
				<align>right</align>
			</control>
			<control type="label">
				<posx>500</posx>
				<posy>30</posy>
				<width>500</width>
				<font>MediumSmallTitleFont2</font>
				<textcolor>Light</textcolor>
				<label>$INFO[MusicPlayer.Album]</label>
				<align>right</align>
			</control>
			<control type="label">
				<posx>500</posx>
				<posy>110</posy>
				<width min="100" max="500">auto</width>
				<font>MediumSmallTitleFont2</font>
				<textcolor>raspberry</textcolor>
				<label>$INFO[MusicPlayer.Title]</label>
				<align>right</align>
			</control>
			<control type="label">
				<posy>140</posy>
				<posx>500</posx>
				<width>200</width>
				<textcolor>Light</textcolor>
				<font>MediumSmallTitleFont2</font>
				<label>$INFO[MusicPlayer.Time] / $INFO[MusicPlayer.Duration]</label>
				<align>right</align>
			</control>
		</control>
	</include>
	<include name="NowPlayingNextInfo">
		<control type="group">
			<description>Next track info</description>
			<control type="label">
				<posx>500</posx>
				<posy>30</posy>
				<width>500</width>
				<font>MediumSmallTitleFont2</font>
				<textcolor>Dark</textcolor>
				<label>$INFO[MusicPlayer.Offset(1).Artist]</label>
				<align>right</align>
			</control>
			<control type="label">
				<posx>500</posx>
				<posy>53</posy>
				<width>500</width>
				<font>MediumSmallTitleFont2</font>
				<textcolor>raspberry</textcolor>
				<label>$INFO[MusicPlayer.Offset(1).Title]</label>
				<align>right</align>
			</control>
		</control>
	</include>
	<include name="NowPlayingCurrentInfoFlipped">
		<control type="group">
			<description>Current track info</description>
			<control type="label">
				<posy>30</posy>
				<posx>0</posx>
				<width>500</width>
				<font>MediumSmallTitleFont2</font>
				<textcolor>raspberry</textcolor>
				<label>$INFO[MusicPlayer.Artist]</label>
				<align>left</align>
			</control>
			<control type="label">
				<posx>0</posx>
				<posy>60</posy>
				<width>500</width>
				<font>MediumSmallTitleFont2</font>
				<textcolor>Light</textcolor>
				<label>$INFO[MusicPlayer.Album]</label>
				<align>left</align>
			</control>
			<control type="label">
				<posx>0</posx>
				<posy>110</posy>
				<width min="100" max="500">auto</width>
				<font>MediumSmallTitleFont2</font>
				<textcolor>raspberry</textcolor>
				<label>$INFO[MusicPlayer.Title]</label>
				<align>left</align>
			</control>
			<control type="label">
				<posy>140</posy>
				<posx>0</posx>
				<width>200</width>
				<textcolor>Light</textcolor>
				<font>MediumSmallTitleFont2</font>
				<label>$INFO[MusicPlayer.Time] / $INFO[MusicPlayer.Duration]</label>
				<align>left</align>
			</control>
		</control>
	</include>
	<include name="NowPlayingNextInfoFlipped">
		<control type="group">
			<description>Next track info</description>
			<control type="label">
				<posx>0</posx>
				<posy>10</posy>
				<width>500</width>
				<font>MediumSmallTitleFont2</font>
				<textcolor>Dark</textcolor>
				<label>$INFO[MusicPlayer.Offset(1).Artist]</label>
				<align>left</align>
			</control>
			<control type="label">
				<posx>0</posx>
				<posy>33</posy>
				<width>500</width>
				<font>MediumSmallTitleFont2</font>
				<textcolor>raspberry</textcolor>
				<label>$INFO[MusicPlayer.Offset(1).Title]</label>
				<align>left</align>
			</control>
		</control>
	</include>
	<include name="OSDPrevButton">
		<texturefocus>OSDPrevTrackFO.png</texturefocus>
		<texturenofocus>OSDPrevTrackNF.png</texturenofocus>
		<onclick>XBMC.PlayerControl(Previous)</onclick>
	</include>
	<include name="OSDRewindButton">
		<texturefocus>OSDRewindFO.png</texturefocus>
		<texturenofocus>OSDRewindNF.png</texturenofocus>
		<onclick>XBMC.PlayerControl(Rewind)</onclick>
		<onleft>215</onleft>
		<onright>217</onright>
	</include>
	<include name="OSDStopButton">
		<texturefocus>OSDStopFO.png</texturefocus>
		<texturenofocus>OSDStopNF.png</texturenofocus>
		<onclick>XBMC.PlayerControl(Stop)</onclick>
		<onleft>216</onleft>
		<onright>218</onright>
	</include>
	<include name="OSDPlayButton">
		<texturefocus>OSDPlayFO.png</texturefocus>
		<texturenofocus>OSDPlayNF.png</texturenofocus>
		<onclick>XBMC.PlayerControl(Play)</onclick>
		<onleft>217</onleft>
		<onright>219</onright>
		<visible>Player.Paused</visible>
	</include>
	<include name="OSDPauseButton">
		<texturefocus>OSDPauseFO.png</texturefocus>
		<texturenofocus>OSDPauseNF.png</texturenofocus>
		<onclick>XBMC.PlayerControl(Play)</onclick>
		<onleft>217</onleft>
		<onright>219</onright>
		<visible>!Player.Paused</visible>
	</include>
	<include name="OSDForwardButton">
		<texturefocus>OSDForwardFO.png</texturefocus>
		<texturenofocus>OSDForwardNF.png</texturenofocus>
		<onclick>XBMC.PlayerControl(Forward)</onclick>
		<onleft>218</onleft>
		<onright>220</onright>
	</include>
	<include name="OSDNextButton">
		<texturefocus>OSDNextTrackFO.png</texturefocus>
		<texturenofocus>OSDNextTrackNF.png</texturenofocus>
		<onclick>XBMC.PlayerControl(Next)</onclick>
	</include>
	<include name="OSDPlayerControls">
	</include>
	<include name="OSDGroup">
		<control type="grouplist">
			<posy>69</posy>
			<orientation>horizontal</orientation>
			<itemgap>0</itemgap>
			<control type="button" id="215">
				<description>Prev Track button</description>
				<onleft>214</onleft>
				<onright>216</onright>
				<include>OSDPrevButton</include>
				<include>VideOSDControlButton</include>
			</control>
			<control type="button" id="216">
				<description>Rewind button</description>
				<include>OSDRewindButton</include>
				<include>VideOSDControlButton</include>
			</control>
			<control type="button" id="217">
				<description>Stop button</description>
				<include>OSDStopButton</include>
				<include>VideOSDControlButton</include>
			</control>
			<control type="button" id="218">
				<description>Play button</description>
				<include>OSDPlayButton</include>
				<include>VideOSDControlButton</include>
			</control>
			<control type="button" id="219">
				<description>Pause button</description>
				<include>OSDPauseButton</include>
				<include>VideOSDControlButton</include>
			</control>
			<control type="button" id="220">
				<description>Fast Forward button</description>
				<include>OSDForwardButton</include>
				<include>VideOSDControlButton</include>
			</control>
			<control type="button" id="221">
				<description>Next Track button</description>
				<onleft>219</onleft>
				<onright>211</onright>
				<include>OSDNextButton</include>
				<include>VideOSDControlButton</include>
			</control>
			<control type="label" id="209">
				<width>VideoOSDPlayerControlsSeparatorWidth</width>
				<label/>
			</control>
			<control type="button" id="212">
				<description>Audio Settings button</description>
				<visible>![Player.Forwarding | Player.Rewinding]</visible>
				<include>VideOSDControlButton</include>
				<texturefocus>OSDAudioFO.png</texturefocus>
				<texturenofocus>OSDAudioNF.png</texturenofocus>
				<onclick>XBMC.ActivateWindow(124)</onclick>
				<onleft>211</onleft>
				<onright>213</onright>
			</control>
			<control type="button" id="213">
				<description>Video Settings button</description>
				<visible>![Player.Forwarding | Player.Rewinding]</visible>
				<include>VideOSDControlButton</include>
				<texturefocus>OSDVideoFO.png</texturefocus>
				<texturenofocus>OSDVideoNF.png</texturenofocus>
				<onclick>XBMC.ActivateWindow(123)</onclick>
				<onleft>212</onleft>
				<onright>214</onright>
			</control>
		</control>
	</include>
</includes>
