<?xml version="1.0"?>
<window id="51">
	<defaultcontrol always="true">65</defaultcontrol>
	<controls>
		<control type="image" id="0">
			<posx>0</posx>
			<posy>0</posy>
			<width>1280</width>
			<height>720</height>
			<texture>plex-search-background.png</texture>
		</control>
		<!-- Loading indicator -->
		<control type="group">
			<visible>System.SearchInProgress</visible>
			<posx>32</posx>
			<posy>656</posy>
			<control type="image">
				<texture>ActivityIndicator.gif</texture>
				<width>32</width>
				<height>32</height>
			</control>
			<control type="label">
				<label>Searching...</label>
				<font>SearchResult</font>
				<posx>48</posx>
				<posy>6</posy>
			</control>
		</control>
		<!-- Keyboard & text field & results -->
		<control type="group">
			<animation effect="fade" start="0" end="100" time="30">WindowOpen</animation>
			<posx>0</posx>
			<posy>0</posy>
			<!-- text field bg -->
			<control type="image">
				<posx>0</posx>
				<posy>55</posy>
				<width>368</width>
				<height>53</height>
				<texture>plex-search-input.png</texture>
			</control>
			<!-- text field -->
			<control type="edit" id="310">
				<description>Search</description>
				<posx>35</posx>
				<posy>55</posy>
				<font>LargeSearchFont</font>
				<textcolor>VeryDark</textcolor>
				<focusedcolor>Focused</focusedcolor>
				<width>278</width>
				<height>50</height>
				<onleft>-</onleft>
				<ondown>9001</ondown>
				<onright>350</onright>
				<emptylabel>-</emptylabel>
				<emptycolor>opaquegrey</emptycolor>
				<align>left</align>
				<aligny>center</aligny>
				<textoffsetx>16</textoffsetx>
				<texturenofocus border="25">browse_menu_dialog_edit.png</texturenofocus>
				<texturefocus border="25">browse_menu_dialog_edit_focus.png</texturefocus>
				<label/>
			</control>
			<!-- keys -->
			<control type="group" id="4000">
				<posx>20</posx>
				<posy>100</posy>
				<control type="grouplist" id="350">
					<visible>true</visible>
					<posx>5</posx>
					<!--posy>194</posy-->
					<posy>50</posy>
					<width>348</width>
					<height>420</height>
					<itemgap>0</itemgap>
					<orientation>vertical</orientation>
					<usecontrolcoords>false</usecontrolcoords>
					<onup>-</onup>
					<ondown>-</ondown>
					<onleft>9000</onleft>
					<onright>9000</onright>
					<renderfocusedlast>false</renderfocusedlast>
					<control type="group" id="351">
						<width>339</width>
						<height>54</height>
						<control type="button" id="65">
							<include>Search_Keyboard_Button</include>
							<description>'A' button</description>
							<onleft>5100</onleft>
							<onright>66</onright>
							<onup>310</onup>
							<ondown>71</ondown>
							<posx>0</posx>
							<posy>9</posy>
							<label>[B]A[/B]</label>
						</control>
						<control type="button" id="66">
							<include>Search_Keyboard_Button</include>
							<description>'B' button</description>
							<onleft>65</onleft>
							<onright>67</onright>
							<onup>310</onup>
							<ondown>72</ondown>
							<posx>54</posx>
							<posy>9</posy>
							<label>[B]B[/B]</label>
						</control>
						<control type="button" id="67">
							<include>Search_Keyboard_Button</include>
							<description>'C' button</description>
							<onleft>66</onleft>
							<onright>68</onright>
							<onup>310</onup>
							<ondown>73</ondown>
							<posx>108</posx>
							<posy>9</posy>
							<label>[B]C[/B]</label>
						</control>
						<control type="button" id="68">
							<include>Search_Keyboard_Button</include>
							<description>'D' button</description>
							<onleft>67</onleft>
							<onright>69</onright>
							<onup>310</onup>
							<ondown>74</ondown>
							<posx>162</posx>
							<posy>9</posy>
							<label>[B]D[/B]</label>
						</control>
						<control type="button" id="69">
							<include>Search_Keyboard_Button</include>
							<description>'E' button</description>
							<onleft>68</onleft>
							<onright>70</onright>
							<onup>310</onup>
							<ondown>75</ondown>
							<posx>216</posx>
							<posy>9</posy>
							<label>[B]E[/B]</label>
						</control>
						<control type="button" id="70">
							<include>Search_Keyboard_Button</include>
							<description>'F' button</description>
							<onleft>69</onleft>
							<onright>5100</onright>
							<onup>310</onup>
							<ondown>76</ondown>
							<posx>270</posx>
							<posy>9</posy>
							<label>[B]F[/B]</label>
						</control>
					</control>
					<control type="group" id="352">
						<width>348</width>
						<height>54</height>
						<control type="button" id="71">
							<include>Search_Keyboard_Button</include>
							<description>'G' button</description>
							<onleft>5100</onleft>
							<onright>72</onright>
							<onup>65</onup>
							<ondown>77</ondown>
							<posx>0</posx>
							<posy>9</posy>
							<label>[B]G[/B]</label>
						</control>
						<control type="button" id="72">
							<include>Search_Keyboard_Button</include>
							<description>'H' button</description>
							<onleft>71</onleft>
							<onright>73</onright>
							<onup>66</onup>
							<ondown>78</ondown>
							<posx>54</posx>
							<posy>9</posy>
							<label>[B]H[/B]</label>
						</control>
						<control type="button" id="73">
							<include>Search_Keyboard_Button</include>
							<description>'I' button</description>
							<onleft>72</onleft>
							<onright>74</onright>
							<onup>67</onup>
							<ondown>79</ondown>
							<posx>108</posx>
							<posy>9</posy>
							<label>[B]I[/B]</label>
						</control>
						<control type="button" id="74">
							<include>Search_Keyboard_Button</include>
							<description>'J' button</description>
							<onleft>73</onleft>
							<onright>75</onright>
							<onup>68</onup>
							<ondown>80</ondown>
							<posx>162</posx>
							<posy>9</posy>
							<label>[B]J[/B]</label>
						</control>
						<control type="button" id="75">
							<include>Search_Keyboard_Button</include>
							<description>'K' button</description>
							<onleft>74</onleft>
							<onright>76</onright>
							<onup>69</onup>
							<ondown>81</ondown>
							<posx>216</posx>
							<posy>9</posy>
							<label>[B]K[/B]</label>
						</control>
						<control type="button" id="76">
							<include>Search_Keyboard_Button</include>
							<description>'L' button</description>
							<onleft>75</onleft>
							<onright>5100</onright>
							<onup>70</onup>
							<ondown>82</ondown>
							<posx>270</posx>
							<posy>9</posy>
							<label>[B]L[/B]</label>
						</control>
					</control>
					<control type="group" id="353">
						<width>348</width>
						<height>54</height>
						<control type="button" id="77">
							<include>Search_Keyboard_Button</include>
							<description>'M' button</description>
							<onleft>5100</onleft>
							<onright>78</onright>
							<onup>71</onup>
							<ondown>83</ondown>
							<posx>0</posx>
							<posy>9</posy>
							<label>[B]M[/B]</label>
						</control>
						<control type="button" id="78">
							<include>Search_Keyboard_Button</include>
							<description>'N' button</description>
							<onleft>77</onleft>
							<onright>79</onright>
							<onup>72</onup>
							<ondown>84</ondown>
							<posx>54</posx>
							<posy>9</posy>
							<label>[B]N[/B]</label>
						</control>
						<control type="button" id="79">
							<include>Search_Keyboard_Button</include>
							<description>'O' button</description>
							<onleft>78</onleft>
							<onright>80</onright>
							<onup>73</onup>
							<ondown>85</ondown>
							<posx>108</posx>
							<posy>9</posy>
							<label>[B]O[/B]</label>
						</control>
						<control type="button" id="80">
							<include>Search_Keyboard_Button</include>
							<description>'P' button</description>
							<onleft>79</onleft>
							<onright>81</onright>
							<onup>74</onup>
							<ondown>86</ondown>
							<posx>162</posx>
							<posy>9</posy>
							<label>[B]P[/B]</label>
						</control>
						<control type="button" id="81">
							<include>Search_Keyboard_Button</include>
							<description>'Q' button</description>
							<onleft>80</onleft>
							<onright>82</onright>
							<onup>75</onup>
							<ondown>87</ondown>
							<posx>216</posx>
							<posy>9</posy>
							<label>[B]Q[/B]</label>
						</control>
						<control type="button" id="82">
							<include>Search_Keyboard_Button</include>
							<description>'R' button</description>
							<onleft>81</onleft>
							<onright>5100</onright>
							<onup>76</onup>
							<ondown>88</ondown>
							<posx>270</posx>
							<posy>9</posy>
							<label>[B]R[/B]</label>
						</control>
					</control>
					<control type="group" id="354">
						<width>348</width>
						<height>54</height>
						<control type="button" id="83">
							<include>Search_Keyboard_Button</include>
							<description>'S' button</description>
							<onleft>5100</onleft>
							<onright>84</onright>
							<onup>77</onup>
							<ondown>89</ondown>
							<posx>0</posx>
							<posy>9</posy>
							<label>[B]S[/B]</label>
						</control>
						<control type="button" id="84">
							<include>Search_Keyboard_Button</include>
							<description>'T' button</description>
							<onleft>83</onleft>
							<onright>85</onright>
							<onup>78</onup>
							<ondown>90</ondown>
							<posx>54</posx>
							<posy>9</posy>
							<label>[B]T[/B]</label>
						</control>
						<control type="button" id="85">
							<include>Search_Keyboard_Button</include>
							<description>'U' button</description>
							<onleft>84</onleft>
							<onright>86</onright>
							<onup>79</onup>
							<ondown>91</ondown>
							<posx>108</posx>
							<posy>9</posy>
							<label>[B]U[/B]</label>
						</control>
						<control type="button" id="86">
							<include>Search_Keyboard_Button</include>
							<description>'V' button</description>
							<onleft>85</onleft>
							<onright>87</onright>
							<onup>80</onup>
							<ondown>92</ondown>
							<posx>162</posx>
							<posy>9</posy>
							<label>[B]V[/B]</label>
						</control>
						<control type="button" id="87">
							<include>Search_Keyboard_Button</include>
							<description>'W' button</description>
							<onleft>86</onleft>
							<onright>88</onright>
							<onup>81</onup>
							<ondown>93</ondown>
							<posx>216</posx>
							<posy>9</posy>
							<label>[B]W[/B]</label>
						</control>
						<control type="button" id="88">
							<include>Search_Keyboard_Button</include>
							<description>'X' button</description>
							<onleft>87</onleft>
							<onright>5100</onright>
							<onup>82</onup>
							<ondown>94</ondown>
							<posx>270</posx>
							<posy>9</posy>
							<label>[B]X[/B]</label>
						</control>
					</control>
					<control type="group" id="355">
						<width>348</width>
						<height>54</height>
						<control type="button" id="89">
							<include>Search_Keyboard_Button</include>
							<description>'Y' button</description>
							<onleft>5100</onleft>
							<onright>90</onright>
							<onup>83</onup>
							<ondown>95</ondown>
							<posx>0</posx>
							<posy>9</posy>
							<label>[B]Y[/B]</label>
						</control>
						<control type="button" id="90">
							<include>Search_Keyboard_Button</include>
							<description>'Z' button</description>
							<onleft>89</onleft>
							<onright>91</onright>
							<onup>84</onup>
							<ondown>96</ondown>
							<posx>54</posx>
							<posy>9</posy>
							<label>[B]Z[/B]</label>
						</control>
						<control type="button" id="91">
							<include>Search_Keyboard_Button</include>
							<description>'0' button</description>
							<onleft>90</onleft>
							<onright>92</onright>
							<onup>85</onup>
							<ondown>97</ondown>
							<posx>108</posx>
							<posy>9</posy>
							<label>[B]$LOCALIZE[12310][/B]</label>
						</control>
						<control type="button" id="92">
							<include>Search_Keyboard_Button</include>
							<description>'1' button</description>
							<onleft>91</onleft>
							<onright>93</onright>
							<onup>86</onup>
							<ondown>98</ondown>
							<posx>162</posx>
							<posy>9</posy>
							<label>[B]$LOCALIZE[12311][/B]</label>
						</control>
						<control type="button" id="93">
							<include>Search_Keyboard_Button</include>
							<description>'2' button</description>
							<onleft>92</onleft>
							<onright>94</onright>
							<onup>87</onup>
							<ondown>99</ondown>
							<posx>216</posx>
							<posy>9</posy>
							<label>[B]$LOCALIZE[12312][/B]</label>
						</control>
						<control type="button" id="94">
							<include>Search_Keyboard_Button</include>
							<description>'3' button</description>
							<onleft>93</onleft>
							<onright>5100</onright>
							<onup>88</onup>
							<ondown>100</ondown>
							<posx>270</posx>
							<posy>9</posy>
							<label>[B]$LOCALIZE[12313][/B]</label>
						</control>
					</control>
					<control type="group" id="356">
						<width>348</width>
						<height>54</height>
						<control type="button" id="95">
							<include>Search_Keyboard_Button</include>
							<description>'4' button</description>
							<onleft>5100</onleft>
							<onright>96</onright>
							<onup>89</onup>
							<ondown>8</ondown>
							<posx>0</posx>
							<posy>9</posy>
							<label>[B]$LOCALIZE[12314][/B]</label>
						</control>
						<control type="button" id="96">
							<include>Search_Keyboard_Button</include>
							<description>'5' button</description>
							<onleft>95</onleft>
							<onright>97</onright>
							<onup>90</onup>
							<ondown>8</ondown>
							<posx>54</posx>
							<posy>9</posy>
							<label>[B]$LOCALIZE[12315][/B]</label>
						</control>
						<control type="button" id="97">
							<include>Search_Keyboard_Button</include>
							<description>'6' button</description>
							<onleft>96</onleft>
							<onright>98</onright>
							<onup>91</onup>
							<ondown>32</ondown>
							<posx>108</posx>
							<posy>9</posy>
							<label>[B]$LOCALIZE[12316][/B]</label>
						</control>
						<control type="button" id="98">
							<include>Search_Keyboard_Button</include>
							<description>'7' button</description>
							<onleft>97</onleft>
							<onright>99</onright>
							<onup>92</onup>
							<ondown>32</ondown>
							<posx>162</posx>
							<posy>9</posy>
							<label>[B]$LOCALIZE[12317][/B]</label>
						</control>
						<control type="button" id="99">
							<include>Search_Keyboard_Button</include>
							<description>'8' button</description>
							<onleft>98</onleft>
							<onright>100</onright>
							<onup>93</onup>
							<ondown>10</ondown>
							<posx>216</posx>
							<posy>9</posy>
							<label>[B]$LOCALIZE[12318][/B]</label>
						</control>
						<control type="button" id="100">
							<include>Search_Keyboard_Button</include>
							<description>'9' button</description>
							<onleft>99</onleft>
							<onright>5100</onright>
							<onup>94</onup>
							<ondown>10</ondown>
							<posx>270</posx>
							<posy>9</posy>
							<label>[B]$LOCALIZE[12319][/B]</label>
						</control>
					</control>
					<control type="group" id="357">
						<width>348</width>
						<height>54</height>
						<!-- Delete button -->
						<control type="image">
							<posx>0</posx>
							<posy>40</posy>
							<width>100</width>
							<height>44</height>
							<texture border="10">whitewiderounded.png</texture>
							<colordiffuse>FF000000</colordiffuse>
							<animation effect="fade" start="0" end="20" time="400" condition="true">Conditional</animation>
						</control>
						<control type="button" id="8">
							<font>MediumSearchFont</font>
							<posx>0</posx>
							<posy>40</posy>
							<width>100</width>
							<height>44</height>
							<onleft>100</onleft>
							<onright>32</onright>
							<onup>95</onup>
							<ondown>-</ondown>
							<label>Delete</label>
							<aligny>center</aligny>
							<onclick/>
							<texturefocus border="10">plex-search-button.png</texturefocus>
							<colordiffuse>raspberry</colordiffuse>
						</control>
						<control type="group">
							<posx>108</posx>
							<posy>40</posy>
							<width>100</width>
							<height>54</height>
							<!-- Space -->
							<control type="image">
								<posx>0</posx>
								<posy>0</posy>
								<width>100</width>
								<height>44</height>
								<texture border="10">whitewiderounded.png</texture>
								<colordiffuse>FF000000</colordiffuse>
								<animation effect="fade" start="0" end="20" time="400" condition="true">Conditional</animation>
							</control>
							<control type="button" id="32">
								<font>MediumSearchFont</font>
								<posx>0</posx>
								<posy>0</posy>
								<width>100</width>
								<height>44</height>
								<onleft>8</onleft>
								<onright>10</onright>
								<onup>97</onup>
								<ondown>-</ondown>
								<label>Space</label>
								<aligny>center</aligny>
								<onclick/>
								<texturefocus border="10">plex-search-button.png</texturefocus>
								<colordiffuse>raspberry</colordiffuse>
							</control>
						</control>
						<control type="group">
							<!-- Clear -->
							<posx>216</posx>
							<posy>40</posy>
							<width>100</width>
							<height>54</height>
							<control type="image">
								<posx>0</posx>
								<posy>0</posy>
								<width>100</width>
								<height>44</height>
								<texture border="10">whitewiderounded.png</texture>
								<colordiffuse>FF000000</colordiffuse>
								<animation effect="fade" start="0" end="20" time="400" condition="true">Conditional</animation>
							</control>
							<control type="button" id="10">
								<font>MediumSearchFont</font>
								<posx>0</posx>
								<posy>0</posy>
								<width>100</width>
								<height>44</height>
								<onleft>32</onleft>
								<onright>9001</onright>
								<onup>99</onup>
								<ondown>-</ondown>
								<label>Clear</label>
								<aligny>center</aligny>
								<onclick/>
								<texturefocus border="10">plex-search-button.png</texturefocus>
								<colordiffuse>raspberry</colordiffuse>
							</control>
						</control>
					</control>
				</control>
			</control>
			<!-- results -->
			<control type="group" id="5000">
				<visible>true</visible>
				<posx>369</posx>
				<posy>-1</posy>
				<width>910</width>
				<height>720</height>
				<!-- Container for the result categories -->
				<control type="grouplist" id="5100">
					<visible>true</visible>
					<posx>0</posx>
					<posy>0</posy>
					<width>910</width>
					<height>720</height>
					<ondown>5200</ondown>
					<onup>310</onup>
					<onright>350</onright>
					<onleft>350</onleft>
					<orientation>vertical</orientation>
					<!-- Movies -->
					<control type="group" id="7001">
						<height>237</height>
						<control type="image">
							<include>Search_Header_background</include>
						</control>
						<control type="label" id="8001">
							<visible>Control.HasFocus(9001)</visible>
							<include>Search_Label</include>
							<label>Movies</label>
						</control>
						<control type="label" id="8001">
							<visible>!Control.HasFocus(9001)</visible>
							<include>Search_Label_Unfocused</include>
							<posy>7</posy>
							<posx>800</posx>
							<align>right</align>
							<label>Movies</label>
						</control>
						<visible allowhiddenfocus="false">true</visible>
						<control type="image">
							<posx>1</posx>
							<posy>40</posy>
							<width>175</width>
							<animation effect="fade" end="100" time="300" delay="0">Visible</animation>
							<animation effect="fade" end="0" time="300" delay="0">Hidden</animation>
							<visible>Control.HasFocus(9001)</visible>
							<texture>plex-search-selected-bg.png</texture>
						</control>
						<control type="image">
							<posy>33</posy>
							<posx>-2</posx>
							<visible>Control.HasFocus(9001)</visible>
							<texture background="true">newlistselector.png</texture>
							<animation effect="fade" start="0" end="100" time="400" condition="true">Visible</animation>
							<animation effect="fade" start="100" end="0" time="0" condition="true">Hidden</animation>
						</control>
						<!-- title bar infos -->
						<control type="grouplist">
							<posx>38</posx>
							<posy>10</posy>
							<height>23</height>
							<orientation>horizontal</orientation>
							<itemgap>0</itemgap>
							<visible>Control.HasFocus(9001)</visible>
							<control type="label">
								<align>left</align>
								<label>$INFO[Container(9001).ListItem(0).Title]</label>
								<font>SearchResult</font>
								<scroll>false</scroll>
								<textcolor>raspberry</textcolor>
								<wrapmultiline>false</wrapmultiline>
								<width min="1" max="300">auto</width>
								<visible>!IsEmpty(Container(9001).ListItem(0).Title)</visible>
							</control>
							<control type="label">
								<align>left</align>
								<label> &#xB7; $INFO[Container(9001).ListItem(0).Year]</label>
								<font>SearchResult</font>
								<scroll>false</scroll>
								<textcolor>FFFFFFFF</textcolor>
								<wrapmultiline>false</wrapmultiline>
								<width min="1" max="200">auto</width>
								<visible>!IsEmpty(Container(9001).ListItem(0).Year)</visible>
							</control>
							<control type="label">
								<align>left</align>
								<label> &#xB7; $INFO[Container(9001).ListItem(0).DurationStr]</label>
								<font>SearchResult</font>
								<scroll>false</scroll>
								<textcolor>FFFFFFFF</textcolor>
								<wrapmultiline>false</wrapmultiline>
								<width min="1" max="200">auto</width>
								<visible>!IsEmpty(Container(9001).ListItem(0).DurationStr)</visible>
							</control>
						</control>
						<control type="fixedlist" id="9001">
							<posy>35</posy>
							<visible allowhiddenfocus="false">true</visible>
							<orientation>horizontal</orientation>
							<ondown>7002</ondown>
							<onup>-</onup>
							<onright>-</onright>
							<onleft>350</onleft>
							<posx>0</posx>
							<posy>0</posy>
							<width>890</width>
							<height>200</height>
							<itemlayout width="140" height="200">
								<control type="group">
									<posy>9</posy>							
								<!-- drop shadow -->
								<control type="image">
									<posx>29</posx>
									<posy>0</posy>
									<width>132</width>
									<height>192</height>
									<aspectratio scalediffuse="true" align="center">stretch</aspectratio>
									<texture background="true" border="13">posterFrameSmallShadow3.png</texture>
								</control>
								<control type="image">
									<posx>37</posx>
									<posy>8</posy>
									<width>116</width>
									<height>176</height>
									<aspectratio scalediffuse="false" align="center">scale</aspectratio>
									<texture diffuse="posterMaskSmall.png" background="true" fallback="posterFrameSmallShadow2.png">$INFO[ListItem.Art(thumb)]</texture>
								</control>
								</control>
							</itemlayout>
							<focusedlayout width="160" height="200">
								<control type="group">
									<posy>14</posy>
									<!-- drop shadow -->
									<control type="image">
										<posx>29</posx>
										<posy>0</posy>
										<width>132</width>
										<height>192</height>
										<aspectratio scalediffuse="true" align="center">stretch</aspectratio>
										<texture background="true" border="13">posterFrameSmallShadow3.png</texture>
									</control>
								<control type="image">
									<posx>34</posx>
									<posy>0</posy>
									<width>122</width>
									<height>182</height>
									<aspectratio scalediffuse="false" align="center">scale</aspectratio>
									<texture diffuse="posterMaskSmall.png" background="true" fallback="posterFrameSmallShadow2.png">$INFO[ListItem.Art(thumb)]</texture>
									<bordertexture border="10">frameorange.png</bordertexture>
									<bordersize>3</bordersize>								
								</control>
								</control>
							</focusedlayout>
						</control>
					</control>
					<!-- TV Shows -->
					<control type="group" id="7002">
						<height>237</height>
						<control type="image">
							<include>Search_Header_background</include>
						</control>
						<control type="label" id="8002">
							<visible>Control.HasFocus(9002)</visible>
							<include>Search_Label</include>
							<posy>4</posy>
							<label>TV Shows</label>
						</control>
						<control type="label" id="8002">
							<visible>!Control.HasFocus(9002)</visible>
							<include>Search_Label_Unfocused</include>
							<posy>4</posy>
							<label>TV Shows</label>
						</control>
						<control type="image">
							<posx>1</posx>
							<posy>40</posy>
							<width>175</width>
							<animation effect="fade" end="100" time="300" delay="0">Visible</animation>
							<animation effect="fade" end="0" time="300" delay="0">Hidden</animation>
							<visible>Control.HasFocus(9002)</visible>
							<texture>plex-search-selected-bg.png</texture>
						</control>
						<control type="image">
							<posy>33</posy>
							<posx>-2</posx>
							<visible>Control.HasFocus(9002)</visible>
							<texture background="true">newlistselector.png</texture>
							<animation effect="fade" start="0" end="100" time="400" condition="true">Visible</animation>
							<animation effect="fade" start="100" end="0" time="0" condition="true">Hidden</animation>
						</control>
						<!-- title bar infos -->
						<control type="grouplist">
							<posx>38</posx>
							<posy>10</posy>
							<height>23</height>
							<orientation>horizontal</orientation>
							<itemgap>0</itemgap>
							<visible>Control.HasFocus(9002)</visible>
							<control type="label">
								<align>left</align>
								<label>$INFO[Container(9002).ListItem(0).Title]</label>
								<font>SearchResult</font>
								<scroll>false</scroll>
								<textcolor>raspberry</textcolor>
								<wrapmultiline>false</wrapmultiline>
								<width min="1" max="300">auto</width>
								<visible>!IsEmpty(Container(9002).ListItem(0).Title)</visible>
							</control>
							<control type="label">
								<align>left</align>
								<label> &#xB7; $INFO[Container(9002).ListItem(0).Year]</label>
								<font>SearchResult</font>
								<scroll>false</scroll>
								<textcolor>FFFFFFFF</textcolor>
								<wrapmultiline>false</wrapmultiline>
								<width min="1" max="200">auto</width>
								<visible>!IsEmpty(Container(9002).ListItem(0).Year)</visible>
							</control>
							<control type="label">
								<align>left</align>
								<label> &#xB7; $INFO[Container(9002).ListItem(0).DurationStr]</label>
								<font>SearchResult</font>
								<scroll>false</scroll>
								<textcolor>FFFFFFFF</textcolor>
								<wrapmultiline>false</wrapmultiline>
								<width min="1" max="200">auto</width>
								<visible>!IsEmpty(Container(9002).ListItem(0).DurationStr)</visible>
							</control>
						</control>
						<control type="fixedlist" id="9002">
							<posy>31</posy>
							<visible allowhiddenfocus="false">true</visible>
							<orientation>horizontal</orientation>
							<ondown>7004</ondown>
							<onup>7001</onup>
							<onright>-</onright>
							<onleft>350</onleft>
							<posx>0</posx>
							<posy>0</posy>
							<width>880</width>
							<height>220</height>
							<itemlayout width="140" height="220">
								<control type="group">
									<posy>13</posy>							
								<!-- drop shadow -->
								<control type="image">
									<posx>29</posx>
									<posy>0</posy>
									<width>132</width>
									<height>192</height>
									<aspectratio scalediffuse="true" align="center">stretch</aspectratio>
									<texture background="true" border="13">posterFrameSmallShadow3.png</texture>
								</control>
								<control type="image">
									<posx>37</posx>
									<posy>8</posy>
									<width>116</width>
									<height>176</height>
									<aspectratio scalediffuse="false" align="center">scale</aspectratio>
									<texture diffuse="posterMaskSmall.png" background="true" fallback="posterFrameSmallShadow2.png">$INFO[ListItem.Art(thumb)]</texture>
								</control>
								</control>
							</itemlayout>
							<focusedlayout width="160" height="200">
								<control type="group">
									<posy>18</posy>
									<!-- drop shadow -->
									<control type="image">
										<posx>29</posx>
										<posy>0</posy>
										<width>132</width>
										<height>192</height>
										<aspectratio scalediffuse="true" align="center">stretch</aspectratio>
										<texture background="true" border="13">posterFrameSmallShadow3.png</texture>
									</control>
								<control type="image">
									<posx>34</posx>
									<posy>0</posy>
									<width>122</width>
									<height>182</height>
									<aspectratio scalediffuse="false" align="center">scale</aspectratio>
									<texture diffuse="posterMaskSmall.png" background="true" fallback="posterFrameSmallShadow2.png">$INFO[ListItem.Art(thumb)]</texture>
									<bordertexture border="10">frameorange.png</bordertexture>
									<bordersize>3</bordersize>								
								</control>
								</control>
							</focusedlayout>
						</control>
					</control>
					<!-- Episodes -->
					<control type="group" id="7004">
						<height>236</height>
						<control type="image">
							<include>Search_Header_background</include>
						</control>
						<control type="label" id="8004">
							<visible>Control.HasFocus(9004)</visible>
							<include>Search_Label</include>
							<posy>4</posy>
							<label>Episodes</label>
						</control>
						<control type="label" id="8004">
							<visible>!Control.HasFocus(9004)</visible>
							<include>Search_Label_Unfocused</include>
							<posy>4</posy>
							<label>Episodes</label>
						</control>
						<visible allowhiddenfocus="false">true</visible>
						<control type="image">
							<posx>1</posx>
							<posy>40</posy>
							<width>175</width>
							<animation effect="fade" end="100" time="300" delay="0">Visible</animation>
							<animation effect="fade" end="0" time="300" delay="0">Hidden</animation>
							<visible>Control.HasFocus(9004)</visible>
							<texture>plex-search-selected-bg.png</texture>
						</control>
						<control type="image">
							<posy>33</posy>
							<posx>-2</posx>
							<visible>Control.HasFocus(9004)</visible>
							<texture background="true">newlistselector.png</texture>
							<animation effect="fade" start="0" end="100" time="400" condition="true">Visible</animation>
							<animation effect="fade" start="100" end="0" time="0" condition="true">Hidden</animation>
						</control>
						<!-- title bar infos -->
						<control type="grouplist">
							<posx>38</posx>
							<posy>10</posy>
							<height>23</height>
							<orientation>horizontal</orientation>
							<itemgap>0</itemgap>
							<visible>Control.HasFocus(9004)</visible>
							<control type="label">
								<align>left</align>
								<label>$INFO[Container(9004).ListItem(0).TVShowTitle]</label>
								<font>SearchResult</font>
								<scroll>false</scroll>
								<textcolor>raspberry</textcolor>
								<wrapmultiline>false</wrapmultiline>
								<width min="1" max="300">auto</width>
								<visible>!IsEmpty(Container(9004).ListItem(0).TVShowTitle)</visible>
							</control>
							<control type="label">
								<align>left</align>
								<label> &#xB7; $INFO[Container(9004).ListItem(0).Date]</label>
								<font>SearchResult</font>
								<scroll>false</scroll>
								<textcolor>FFFFFFFF</textcolor>
								<wrapmultiline>false</wrapmultiline>
								<width min="1" max="200">auto</width>
								<visible>!IsEmpty(Container(9004).ListItem(0).Date)</visible>
							</control>
							<control type="label">
								<align>left</align>
								<label> &#xB7; $INFO[Container(9004).ListItem(0).Title]</label>
								<font>SearchResult</font>
								<scroll>false</scroll>
								<textcolor>raspberry</textcolor>
								<wrapmultiline>false</wrapmultiline>
								<width min="1" max="200">auto</width>
								<visible>!IsEmpty(Container(9004).ListItem(0).Title)</visible>
							</control>
							<control type="label">
								<align>left</align>
								<label> &#xB7; $INFO[Container(9004).ListItem(0).DurationStr]</label>
								<font>SearchResult</font>
								<scroll>false</scroll>
								<textcolor>FFFFFFFF</textcolor>
								<wrapmultiline>false</wrapmultiline>
								<width min="1" max="200">auto</width>
								<visible>!IsEmpty(Container(9004).ListItem(0).DurationStr)</visible>
							</control>
						</control>
						<control type="fixedlist" id="9004">
							<posy>35</posy>
							<visible allowhiddenfocus="false">true</visible>
							<orientation>horizontal</orientation>
							<ondown>9008</ondown>
							<onup>9002</onup>
							<onright>-</onright>
							<onleft>350</onleft>
							<posx>0</posx>
							<posy>0</posy>
							<width>880</width>
							<itemlayout width="140" height="185">
								<control type="group">
									<posy>-136</posy>
									<!-- drop shadow -->
									<control type="image">
										<posx>28</posx>
										<posy>143</posy>
										<width>132</width>
										<height>94</height>
										<aspectratio scalediffuse="true" align="center">stretch</aspectratio>
										<texture background="true" border="13">posterFrameSmallShadow3.png</texture>
									</control>
								<control type="image">
									<posx>37</posx>
									<posy>152</posy>
									<width>116</width>
									<height>76</height>
									<aspectratio scalediffuse="false" align="top">scale</aspectratio>
									<texture diffuse="episodeMaskSmall.png" background="true">$INFO[ListItem.Art(thumb)]</texture>
								</control>
									<control type="image">
										<posx>35</posx>
										<posy>238</posy>
										<width>120</width>
										<height>27</height>
										<texture border="10">whitewiderounded.png</texture>
										<colordiffuse>FF000000</colordiffuse>
										<animation effect="fade" start="0" end="20" time="400" condition="true">Conditional</animation>
									</control>
									<control type="image">
										<posx>35</posx>
										<posy>270</posy>
										<width>120</width>
										<height>59</height>
										<texture border="10">whitewiderounded.png</texture>
										<colordiffuse>FF000000</colordiffuse>
										<animation effect="fade" start="0" end="20" time="400" condition="true">Conditional</animation>
									</control>
								<control type="label">
									<posx>95</posx>
									<posy>250</posy>
									<width>100</width>
									<align>center</align>
									<aligny>center</aligny>
									<scroll>false</scroll>
									<label>$INFO[ListItem.TVShowTitle]</label>
									<font>SearchResultSmaller</font>
									<textcolor>FFdddddd</textcolor>
									<wrapmultiline>false</wrapmultiline>
									<animation effect="fade" start="0" end="60" time="400" condition="true">Conditional</animation>
								</control>
								<control type="label">
									<posx>95</posx>
									<posy>275</posy>
									<width>100</width>
									<align>center</align>
									<height>30</height>
									<align>left</align>
									<aligny>top</aligny>
									<scroll>false</scroll>
									<label>$INFO[ListItem.Title]</label>
									<font>SearchResultSmaller</font>
									<textcolor>FFdddddd</textcolor>
									<wrapmultiline>false</wrapmultiline>
									<animation effect="fade" start="0" end="60" time="400" condition="true">Conditional</animation>
								</control>
								<control type="label">
									<posx>95</posx>
									<posy>300</posy>
									<width>100</width>
									<align>center</align>
									<height>30</height>
									<align>left</align>
									<aligny>top</aligny>
									<scroll>false</scroll>
									<label>Season $INFO[ListItem.Season] - Ep $INFO[ListItem.Episode]</label>
									<font>SearchResultSmaller</font>
									<textcolor>FFdddddd</textcolor>
									<wrapmultiline>false</wrapmultiline>
									<animation effect="fade" start="0" end="60" time="400" condition="true">Conditional</animation>
								</control>
								</control>
							</itemlayout>
							<focusedlayout width="160" height="185">
								<control type="group">
									<posy>-136</posy>
									<!-- drop shadow -->
									<control type="image">
										<posx>27</posx>
										<posy>141</posy>
										<width>137</width>
										<height>98</height>
										<aspectratio scalediffuse="true" align="center">stretch</aspectratio>
										<texture background="true" border="40">posterFrameSmallShadow3.png</texture>
									</control>
									<control type="image">
										<posx>34</posx>
										<posy>149</posy>
										<width>122</width>
										<height>82</height>
										<aspectratio scalediffuse="true" align="center">stretch</aspectratio>
										<texture background="true">posterMaskSmall.png</texture>
										<colordiffuse>raspberry</colordiffuse>
									</control>
								<control type="image">
									<posx>37</posx>
									<posy>152</posy>
									<width>116</width>
									<height>76</height>
									<aspectratio scalediffuse="false" align="top">scale</aspectratio>
									<texture diffuse="episodeMaskSmall.png" background="true">$INFO[ListItem.Art(thumb)]</texture>
								</control>
								<control type="image">
									<posx>35</posx>
									<posy>238</posy>
									<width>120</width>
									<height>27</height>
									<texture border="10">whitewiderounded.png</texture>
									<colordiffuse>FF000000</colordiffuse>
									<animation effect="fade" start="0" end="20" time="400" condition="true">Conditional</animation>
								</control>
								<control type="image">
									<posx>35</posx>
									<posy>270</posy>
									<width>120</width>
									<height>59</height>
									<texture border="10">whitewiderounded.png</texture>
									<colordiffuse>FF000000</colordiffuse>
									<animation effect="fade" start="0" end="20" time="400" condition="true">Conditional</animation>
								</control>
							<control type="label">
								<posx>95</posx>
								<posy>250</posy>
								<width>100</width>
								<align>center</align>
								<aligny>center</aligny>
								<scroll>false</scroll>
								<label>$INFO[ListItem.TVShowTitle]</label>
								<font>SearchResultSmaller</font>
								<textcolor>FF3d3d3d</textcolor>
								<wrapmultiline>false</wrapmultiline>
								<animation effect="fade" start="0" end="80" time="400" condition="true">Conditional</animation>
							</control>
							<control type="label">
								<posx>95</posx>
								<posy>275</posy>
								<width>100</width>
								<align>center</align>
								<height>30</height>
								<align>left</align>
								<aligny>top</aligny>
								<scroll>false</scroll>
								<label>$INFO[ListItem.Title]</label>
								<font>SearchResultSmaller</font>
								<textcolor>raspberry</textcolor>
								<wrapmultiline>false</wrapmultiline>
								<animation effect="fade" start="0" end="40" time="400" condition="true">Conditional</animation>
							</control>
							<control type="label">
								<posx>95</posx>
								<posy>300</posy>
								<width>100</width>
								<align>center</align>
								<height>30</height>
								<align>left</align>
								<aligny>top</aligny>
								<scroll>false</scroll>
								<label>Season $INFO[ListItem.Season] - Ep $INFO[ListItem.Episode]</label>
								<font>SearchResultSmaller</font>
								<textcolor>FF3d3d3d</textcolor>
								<wrapmultiline>false</wrapmultiline>
								<animation effect="fade" start="0" end="60" time="400" condition="true">Conditional</animation>
							</control>
								</control>
							</focusedlayout>
							<height>200</height>
						</control>
					</control>
					<!-- Artists -->
					<control type="group" id="7008">
						<height>237</height>
						<control type="image">
							<include>Search_Header_background</include>
						</control>
						<control type="label" id="8008">
							<visible>Control.HasFocus(9008)</visible>
							<include>Search_Label</include>
							<posy>4</posy>
							<label>Artists</label>
						</control>
						<control type="label" id="8008">
							<visible>!Control.HasFocus(9008)</visible>
							<include>Search_Label_Unfocused</include>
							<posy>4</posy>
							<label>Artists</label>
						</control>
						<control type="image">
							<posx>1</posx>
							<posy>40</posy>
							<width>175</width>
							<animation effect="fade" end="100" time="300" delay="0">Visible</animation>
							<animation effect="fade" end="0" time="300" delay="0">Hidden</animation>
							<visible>Control.HasFocus(9008)</visible>
							<texture>plex-search-selected-bg.png</texture>
						</control>
						<control type="image">
							<posy>33</posy>
							<posx>-2</posx>
							<visible>Control.HasFocus(9008)</visible>
							<texture background="true">newlistselector.png</texture>
							<animation effect="fade" start="0" end="100" time="400" condition="true">Visible</animation>
							<animation effect="fade" start="100" end="0" time="0" condition="true">Hidden</animation>
						</control>
						<!-- title bar infos -->
						<control type="grouplist">
							<posx>38</posx>
							<posy>10</posy>
							<height>23</height>
							<orientation>horizontal</orientation>
							<itemgap>0</itemgap>
							<visible>Control.HasFocus(9008)</visible>
							<control type="label">
								<align>left</align>
								<label>$INFO[Container(9008).ListItem(0).Title]</label>
								<font>SearchResult</font>
								<scroll>false</scroll>
								<textcolor>raspberry</textcolor>
								<wrapmultiline>false</wrapmultiline>
								<width min="1" max="300">auto</width>
								<visible>!IsEmpty(Container(9008).ListItem(0).Title)</visible>
							</control>
						</control>
						<control type="fixedlist" id="9008">
							<posy>30</posy>
							<visible allowhiddenfocus="false">true</visible>
							<orientation>horizontal</orientation>
							<ondown>7009</ondown>
							<onup>7004</onup>
							<onright>-</onright>
							<onleft>350</onleft>
							<posx>0</posx>
							<posy>0</posy>
							<width>880</width>
							<itemlayout width="140" height="200">
								<control type="group">
									<posy>-29</posy>
									<!-- drop shadow -->
									<control type="image">
										<posx>29</posx>
										<posy>44</posy>
										<width>132</width>
										<height>155</height>
										<aspectratio scalediffuse="true" align="center">stretch</aspectratio>
										<texture background="true" border="13">posterFrameSmallShadow3.png</texture>
									</control>
								<control type="image">
									<posx>37</posx>
									<posy>52</posy>
									<width>116</width>
									<height>139</height>
									<aspectratio scalediffuse="false" align="center">scale</aspectratio>
									<texture diffuse="posterMaskSmall.png" background="true" fallback="posterFrameSmallShadow2.png">$INFO[ListItem.Art(thumb)]</texture>
								</control>
								<control type="image">
									<posx>35</posx>
									<posy>205</posy>
									<width>120</width>
									<height>25</height>
									<texture border="10">whitewiderounded.png</texture>
									<colordiffuse>FF000000</colordiffuse>
									<animation effect="fade" start="0" end="20" time="400" condition="true">Conditional</animation>
								</control>
								<control type="label">
									<posx>95</posx>
									<posy>216</posy>
									<width>100</width>
									<align>center</align>
									<aligny>center</aligny>
									<scroll>false</scroll>
									<label>$INFO[ListItem.Artist]</label>
									<font>SearchResultSmaller</font>
									<textcolor>FFdddddd</textcolor>
									<wrapmultiline>false</wrapmultiline>
									<animation effect="fade" start="0" end="60" time="400" condition="true">Conditional</animation>
								</control>
								</control>
							</itemlayout>
							<focusedlayout width="160" height="200">
								<control type="group">
									<posy>-29</posy>
									<!-- drop shadow -->
									<control type="image">
										<posx>27</posx>
										<posy>42</posy>
										<width>136</width>
										<height>159</height>
										<aspectratio scalediffuse="true" align="center">stretch</aspectratio>
										<texture background="true" border="13">posterFrameSmallShadow3.png</texture>
									</control>
								<control type="image">
									<posx>34</posx>
									<posy>49</posy>
									<width>122</width>
									<height>145</height>
									<aspectratio scalediffuse="false" align="center">scale</aspectratio>
									<texture diffuse="posterMaskSmall.png" background="true" fallback="posterFrameSmallShadow2.png">$INFO[ListItem.Art(thumb)]</texture>
									<bordertexture border="10">frameorange.png</bordertexture>
									<bordersize>3</bordersize>
								</control>
								<control type="image">
									<posx>35</posx>
									<posy>205</posy>
									<width>120</width>
									<height>25</height>
									<texture border="10">whitewiderounded.png</texture>
									<colordiffuse>FF000000</colordiffuse>
									<animation effect="fade" start="0" end="20" time="400" condition="true">Conditional</animation>
								</control>
								<control type="label">
									<posx>95</posx>
									<posy>216</posy>
									<width>100</width>
									<align>center</align>
									<aligny>center</aligny>
									<scroll>false</scroll>
									<label>$INFO[ListItem.Artist]</label>
									<font>SearchResultSmaller</font>
									<textcolor>raspberry</textcolor>
									<wrapmultiline>false</wrapmultiline>
									<animation effect="fade" start="0" end="40" time="400" condition="true">Conditional</animation>
								</control>
								</control>
							</focusedlayout>
							<height>200</height>
						</control>
					</control>
					<!-- Albums -->
					<control type="group" id="7009">
						<height>237</height>
						<control type="image">
							<include>Search_Header_background</include>
						</control>
						<control type="label" id="8009">
							<visible>Control.HasFocus(9009)</visible>
							<include>Search_Label</include>
							<posy>4</posy>
							<label>Albums</label>
						</control>
						<control type="label" id="8009">
							<visible>!Control.HasFocus(9009)</visible>
							<include>Search_Label_Unfocused</include>
							<posy>4</posy>
							<label>Albums</label>
						</control>
						<visible allowhiddenfocus="false">true</visible>
						<control type="image">
							<posx>1</posx>
							<posy>40</posy>
							<width>175</width>
							<animation effect="fade" end="100" time="300" delay="0">Visible</animation>
							<animation effect="fade" end="0" time="300" delay="0">Hidden</animation>
							<visible>Control.HasFocus(9009)</visible>
							<texture>plex-search-selected-bg.png</texture>
						</control>
						<control type="image">
							<posy>33</posy>
							<posx>-2</posx>
							<visible>Control.HasFocus(9009)</visible>
							<texture background="true">newlistselector.png</texture>
							<animation effect="fade" start="0" end="100" time="400" condition="true">Visible</animation>
							<animation effect="fade" start="100" end="0" time="0" condition="true">Hidden</animation>
						</control>
						<!-- title bar infos -->
						<control type="grouplist">
							<posx>38</posx>
							<posy>10</posy>
							<height>23</height>
							<orientation>horizontal</orientation>
							<itemgap>0</itemgap>
							<visible>Control.HasFocus(9009)</visible>
							<control type="label">
								<align>left</align>
								<label>$INFO[Container(9009).ListItem(0).Artist]</label>
								<font>SearchResult</font>
								<scroll>false</scroll>
								<textcolor>raspberry</textcolor>
								<wrapmultiline>false</wrapmultiline>
								<width min="1" max="300">auto</width>
								<visible>!IsEmpty(Container(9009).ListItem(0).Artist)</visible>
							</control>
							<control type="label">
								<align>left</align>
								<label> &#xB7; $INFO[Container(9009).ListItem(0).Album]</label>
								<font>SearchResult</font>
								<scroll>false</scroll>
								<textcolor>FFFFFFFF</textcolor>
								<wrapmultiline>false</wrapmultiline>
								<width min="1" max="400">auto</width>
								<visible>!IsEmpty(Container(9009).ListItem(0).Album)</visible>
							</control>
							<control type="label">
								<align>left</align>
								<label> &#xB7; $INFO[Container(9009).ListItem(0).Year]</label>
								<font>SearchResult</font>
								<scroll>false</scroll>
								<textcolor>raspberry</textcolor>
								<wrapmultiline>false</wrapmultiline>
								<width min="1" max="200">auto</width>
								<visible>!IsEmpty(Container(9009).ListItem(0).Year)</visible>
							</control>
						</control>
						<control type="fixedlist" id="9009">
							<posy>35</posy>
							<visible allowhiddenfocus="false">true</visible>
							<orientation>horizontal</orientation>
							<ondown>7010</ondown>
							<onup>7008</onup>
							<onright>-</onright>
							<onleft>350</onleft>
							<posx>0</posx>
							<posy>0</posy>
							<width>890</width>
							<itemlayout width="140" height="200">
								<control type="group">
									<posy>-33</posy>
									<!-- drop shadow -->
									<control type="image">
										<posx>29</posx>
										<posy>44</posy>
										<width>130</width>
										<height>130</height>
										<aspectratio scalediffuse="true" align="center">stretch</aspectratio>
										<texture background="true" border="13">posterFrameSmallShadow3.png</texture>
									</control>
								<control type="image">
									<posx>37</posx>
									<posy>52</posy>
									<width>116</width>
									<height>116</height>
									<aspectratio scalediffuse="false" align="center">scale</aspectratio>
									<texture diffuse="posterMaskSmall.png" background="true" fallback="posterFrameSmallShadow2.png">$INFO[ListItem.Art(thumb)]</texture>
								</control>
								<control type="image">
									<posx>35</posx>
									<posy>175</posy>
									<width>120</width>
									<height>25</height>
									<texture border="10">whitewiderounded.png</texture>
									<colordiffuse>FF000000</colordiffuse>
									<animation effect="fade" start="0" end="20" time="400" condition="true">Conditional</animation>
								</control>
								<control type="image">
									<posx>35</posx>
									<posy>205</posy>
									<width>120</width>
									<height>25</height>
									<texture border="10">whitewiderounded.png</texture>
									<colordiffuse>FF000000</colordiffuse>
									<animation effect="fade" start="0" end="20" time="400" condition="true">Conditional</animation>
								</control>
								<control type="label">
									<posx>95</posx>
									<posy>186</posy>
									<width>100</width>
									<align>center</align>
									<aligny>center</aligny>
									<scroll>false</scroll>
									<label>$INFO[ListItem.Artist]</label>
									<font>SearchResultSmaller</font>
									<textcolor>FFdddddd</textcolor>
									<wrapmultiline>false</wrapmultiline>
									<animation effect="fade" start="0" end="60" time="400" condition="true">Conditional</animation>
								</control>
								<control type="label">
									<posx>95</posx>
									<posy>216</posy>
									<width>100</width>
									<align>center</align>
									<aligny>center</aligny>
									<scroll>false</scroll>
									<label>$INFO[ListItem.Album]</label>
									<font>SearchResultSmaller</font>
									<textcolor>FFdddddd</textcolor>
									<wrapmultiline>false</wrapmultiline>
								</control>
								</control>
							</itemlayout>
							<focusedlayout width="160" height="200">
								<control type="group">
									<posy>-33</posy>
									<!-- drop shadow -->
									<control type="image">
										<posx>27</posx>
										<posy>42</posy>
										<width>136</width>
										<height>136</height>
										<aspectratio scalediffuse="true" align="center">stretch</aspectratio>
										<texture background="true" border="13">posterFrameSmallShadow3.png</texture>
									</control>
								<control type="image">
									<posx>34</posx>
									<posy>49</posy>
									<width>122</width>
									<height>122</height>
									<aspectratio scalediffuse="false" align="center">scale</aspectratio>
									<texture diffuse="posterMaskSmall.png" background="true" fallback="posterFrameSmallShadow2.png">$INFO[ListItem.Art(thumb)]</texture>
									<bordertexture border="10">frameorange.png</bordertexture>
									<bordersize>3</bordersize>
								</control>
								<control type="image">
									<posx>35</posx>
									<posy>175</posy>
									<width>120</width>
									<height>25</height>
									<texture border="10">whitewiderounded.png</texture>
									<colordiffuse>FF000000</colordiffuse>
									<animation effect="fade" start="0" end="20" time="400" condition="true">Conditional</animation>
								</control>
								<control type="image">
									<posx>35</posx>
									<posy>205</posy>
									<width>120</width>
									<height>25</height>
									<texture border="10">whitewiderounded.png</texture>
									<colordiffuse>FF000000</colordiffuse>
									<animation effect="fade" start="0" end="20" time="400" condition="true">Conditional</animation>
								</control>
								<control type="label">
									<posx>95</posx>
									<posy>186</posy>
									<width>100</width>
									<align>center</align>
									<aligny>center</aligny>
									<scroll>false</scroll>
									<label>$INFO[ListItem.Artist]</label>
									<font>SearchResultSmaller</font>
									<textcolor>FFdddddd</textcolor>
									<wrapmultiline>false</wrapmultiline>
									<animation effect="fade" start="0" end="20" time="400" condition="true">Conditional</animation>
								</control>
								<control type="label">
									<posx>95</posx>
									<posy>216</posy>
									<width>100</width>
									<align>center</align>
									<aligny>center</aligny>
									<scroll>false</scroll>
									<label>$INFO[ListItem.Album]</label>
									<font>SearchResultSmaller</font>
									<textcolor>raspberry</textcolor>
									<wrapmultiline>false</wrapmultiline>
									<animation effect="fade" start="0" end="40" time="400" condition="true">Conditional</animation>
								</control>
								</control>
							</focusedlayout>
							<height>200</height>
						</control>
					</control>
					<!-- Tracks -->
					<control type="group" id="7010">
						<height>236</height>
						<control type="image">
							<include>Search_Header_background</include>
						</control>
						<control type="label" id="8010">
							<visible>Control.HasFocus(9010)</visible>
							<include>Search_Label</include>
							<posy>4</posy>
							<label>Tracks</label>
						</control>
						<control type="label" id="8010">
							<visible>!Control.HasFocus(9010)</visible>
							<include>Search_Label_Unfocused</include>
							<posy>4</posy>
							<label>Tracks</label>
						</control>
						<visible allowhiddenfocus="false">true</visible>
						<control type="image">
							<posx>1</posx>
							<posy>40</posy>
							<width>175</width>
							<animation effect="fade" end="100" time="300" delay="0">Visible</animation>
							<animation effect="fade" end="0" time="300" delay="0">Hidden</animation>
							<visible>Control.HasFocus(9010)</visible>
							<texture>plex-search-selected-bg.png</texture>
						</control>
						<control type="image">
							<posy>33</posy>
							<posx>-2</posx>
							<visible>Control.HasFocus(9010)</visible>
							<texture background="true">newlistselector.png</texture>
							<animation effect="fade" start="0" end="100" time="400" condition="true">Visible</animation>
							<animation effect="fade" start="100" end="0" time="0" condition="true">Hidden</animation>
						</control>
						<!-- title bar infos -->
						<control type="grouplist">
							<posx>38</posx>
							<posy>10</posy>
							<height>23</height>
							<orientation>horizontal</orientation>
							<itemgap>0</itemgap>
							<visible>Control.HasFocus(9010)</visible>
							<control type="label">
								<align>left</align>
								<label>$INFO[Container(9010).ListItem(0).Artist]</label>
								<font>SearchResult</font>
								<scroll>false</scroll>
								<textcolor>raspberry</textcolor>
								<wrapmultiline>false</wrapmultiline>
								<width min="1" max="300">auto</width>
								<visible>!IsEmpty(Container(9010).ListItem(0).Artist)</visible>
							</control>
							<control type="label">
								<align>left</align>
								<label> &#xB7; $INFO[Container(9010).ListItem(0).Title]</label>
								<font>SearchResult</font>
								<scroll>false</scroll>
								<textcolor>FFFFFFFF</textcolor>
								<wrapmultiline>false</wrapmultiline>
								<width min="1" max="400">auto</width>
								<visible>!IsEmpty(Container(9010).ListItem(0).Title)</visible>
							</control>
							<control type="label">
								<align>left</align>
								<label> &#xB7; $INFO[Container(9010).ListItem(0).DurationStr]</label>
								<font>SearchResult</font>
								<scroll>false</scroll>
								<textcolor>raspberry</textcolor>
								<wrapmultiline>false</wrapmultiline>
								<width min="1" max="200">auto</width>
								<visible>!IsEmpty(Container(9010).ListItem(0).DurationStr)</visible>
							</control>
						</control>
						<control type="fixedlist" id="9010">
							<posy>35</posy>
							<visible allowhiddenfocus="false">true</visible>
							<orientation>horizontal</orientation>
							<onup>7009</onup>
							<ondown>7013</ondown>
							<onright>-</onright>
							<onleft>350</onleft>
							<posx>0</posx>
							<posy>0</posy>
							<width>890</width>
							<itemlayout width="140" height="200">
								<control type="group">
									<posy>-33</posy>
									<!-- drop shadow -->
									<control type="image">
										<posx>29</posx>
										<posy>44</posy>
										<width>132</width>
										<height>132</height>
										<aspectratio scalediffuse="true" align="center">stretch</aspectratio>
										<texture background="true" border="40">posterFrameSmallShadow3.png</texture>
									</control>
								<control type="image">
									<posx>37</posx>
									<posy>52</posy>
									<width>116</width>
									<height>116</height>
									<aspectratio scalediffuse="false" align="center">scale</aspectratio>
									<texture diffuse="posterMaskSmall.png" background="true" fallback="posterFrameSmallShadow2.png">$INFO[ListItem.Art(thumb)]</texture>
								</control>
								<control type="image">
									<posx>35</posx>
									<posy>175</posy>
									<width>120</width>
									<height>25</height>
									<texture border="10">whitewiderounded.png</texture>
									<colordiffuse>FF000000</colordiffuse>
									<animation effect="fade" start="0" end="20" time="400" condition="true">Conditional</animation>
								</control>
								<control type="image">
									<posx>35</posx>
									<posy>205</posy>
									<width>120</width>
									<height>25</height>
									<texture border="10">whitewiderounded.png</texture>
									<colordiffuse>FF000000</colordiffuse>
									<animation effect="fade" start="0" end="20" time="400" condition="true">Conditional</animation>
								</control>
								<control type="label">
									<posx>95</posx>
									<posy>186</posy>
									<width>100</width>
									<align>center</align>
									<aligny>center</aligny>
									<scroll>false</scroll>
									<label>$INFO[ListItem.Artist]</label>
									<font>SearchResultSmaller</font>
									<textcolor>FFdddddd</textcolor>
									<wrapmultiline>false</wrapmultiline>
									<animation effect="fade" start="0" end="60" time="400" condition="true">Conditional</animation>
								</control>
								<control type="label">
									<posx>95</posx>
									<posy>216</posy>
									<width>100</width>
									<align>center</align>
									<aligny>center</aligny>
									<scroll>false</scroll>
									<label>$INFO[ListItem.Title]</label>
									<font>SearchResultSmaller</font>
									<textcolor>FFdddddd</textcolor>
									<wrapmultiline>false</wrapmultiline>
								</control>
								</control>
							</itemlayout>
							<focusedlayout width="160" height="200">
								<control type="group">
									<posy>-33</posy>
									<!-- drop shadow -->
									<control type="image">
										<posx>27</posx>
										<posy>42</posy>
										<width>136</width>
										<height>136</height>
										<aspectratio scalediffuse="true" align="center">stretch</aspectratio>
										<texture background="true" border="40">posterFrameSmallShadow3.png</texture>
									</control>
								<control type="image">
									<posx>34</posx>
									<posy>49</posy>
									<width>122</width>
									<height>122</height>
									<aspectratio scalediffuse="false" align="center">scale</aspectratio>
									<texture diffuse="posterMaskSmall.png" background="true" fallback="posterFrameSmallShadow2.png">$INFO[ListItem.Art(thumb)]</texture>
									<bordertexture border="10">frameorange.png</bordertexture>
									<bordersize>3</bordersize>
								</control>
								<control type="image">
									<posx>35</posx>
									<posy>175</posy>
									<width>120</width>
									<height>25</height>
									<texture border="10">whitewiderounded.png</texture>
									<colordiffuse>FF000000</colordiffuse>
									<animation effect="fade" start="0" end="20" time="400" condition="true">Conditional</animation>
								</control>
								<control type="image">
									<posx>35</posx>
									<posy>205</posy>
									<width>120</width>
									<height>25</height>
									<texture border="10">whitewiderounded.png</texture>
									<colordiffuse>FF000000</colordiffuse>
									<animation effect="fade" start="0" end="20" time="400" condition="true">Conditional</animation>
								</control>
								<control type="label">
									<posx>95</posx>
									<posy>186</posy>
									<width>100</width>
									<align>center</align>
									<aligny>center</aligny>
									<scroll>false</scroll>
									<label>$INFO[ListItem.Artist]</label>
									<font>SearchResultSmaller</font>
									<textcolor>FFdddddd</textcolor>
									<wrapmultiline>false</wrapmultiline>
									<animation effect="fade" start="0" end="20" time="400" condition="true">Conditional</animation>
								</control>
								<control type="label">
									<posx>95</posx>
									<posy>216</posy>
									<width>100</width>
									<align>center</align>
									<aligny>center</aligny>
									<scroll>false</scroll>
									<label>$INFO[ListItem.Title]</label>
									<font>SearchResultSmaller</font>
									<textcolor>raspberry</textcolor>
									<wrapmultiline>false</wrapmultiline>
									<animation effect="fade" start="0" end="40" time="400" condition="true">Conditional</animation>
								</control>
								</control>
							</focusedlayout>
							<height>200</height>
						</control>
					</control>
					<!-- People -->
					<control type="group" id="7013">
						<height>237</height>
						<control type="image">
							<include>Search_Header_background</include>
						</control>
						<control type="label" id="8013">
							<visible>Control.HasFocus(9013)</visible>
							<include>Search_Label</include>
							<posy>4</posy>
							<label>Actors</label>
						</control>
						<control type="label" id="8013">
							<visible>!Control.HasFocus(9013)</visible>
							<include>Search_Label_Unfocused</include>
							<posy>4</posy>
							<label>Actors</label>
						</control>
						<control type="image">
							<posx>1</posx>
							<posy>40</posy>
							<width>175</width>
							<animation effect="fade" end="100" time="300" delay="0">Visible</animation>
							<animation effect="fade" end="0" time="300" delay="0">Hidden</animation>
							<visible>Control.HasFocus(9013)</visible>
							<texture>plex-search-selected-bg.png</texture>
						</control>
						<control type="image">
							<posy>33</posy>
							<posx>-2</posx>
							<visible>Control.HasFocus(9013)</visible>
							<texture background="true">newlistselector.png</texture>
							<animation effect="fade" start="0" end="100" time="400" condition="true">Visible</animation>
							<animation effect="fade" start="100" end="0" time="0" condition="true">Hidden</animation>
						</control>
						<!-- title bar infos -->
						<control type="grouplist">
							<posx>38</posx>
							<posy>10</posy>
							<height>23</height>
							<orientation>horizontal</orientation>
							<itemgap>0</itemgap>
							<visible>Control.HasFocus(9013)</visible>
							<control type="label">
								<align>left</align>
								<label>$INFO[Container(9013).ListItem(0).Title]</label>
								<font>SearchResult</font>
								<scroll>false</scroll>
								<textcolor>raspberry</textcolor>
								<wrapmultiline>false</wrapmultiline>
								<width min="1" max="300">auto</width>
								<visible>!IsEmpty(Container(9013).ListItem(0).Title)</visible>
							</control>
						</control>
						<control type="fixedlist" id="9013">
							<posy>30</posy>
							<visible allowhiddenfocus="false">true</visible>
							<orientation>horizontal</orientation>
							<onup>7010</onup>
							<ondown>7012</ondown>
							<onright>-</onright>
							<onleft>350</onleft>
							<posx>0</posx>
							<posy>0</posy>
							<width>880</width>
							<itemlayout width="140" height="200">
								<control type="group">
									<posy>-29</posy>
									<!-- drop shadow -->
									<control type="image">
										<posx>29</posx>
										<posy>44</posy>
										<width>132</width>
										<height>155</height>
										<aspectratio scalediffuse="true" align="center">stretch</aspectratio>
										<texture background="true" border="40">posterFrameSmallShadow3.png</texture>
									</control>
								<control type="image">
									<posx>37</posx>
									<posy>52</posy>
									<width>116</width>
									<height>139</height>
									<aspectratio scalediffuse="false" align="center">scale</aspectratio>
									<texture diffuse="posterMaskSmall.png" background="true" fallback="posterFrameSmallShadow2.png">$INFO[ListItem.Art(thumb)]</texture>
								</control>
								<control type="image">
									<posx>35</posx>
									<posy>205</posy>
									<width>120</width>
									<height>25</height>
									<texture border="10">whitewiderounded.png</texture>
									<colordiffuse>FF000000</colordiffuse>
									<animation effect="fade" start="0" end="20" time="400" condition="true">Conditional</animation>
								</control>
								<control type="label">
									<posx>95</posx>
									<posy>216</posy>
									<width>100</width>
									<align>center</align>
									<aligny>center</aligny>
									<scroll>false</scroll>
									<label>$INFO[ListItem.Title]</label>
									<font>SearchResultSmaller</font>
									<textcolor>FFdddddd</textcolor>
									<wrapmultiline>false</wrapmultiline>
									<animation effect="fade" start="0" end="60" time="400" condition="true">Conditional</animation>
								</control>
								</control>
							</itemlayout>
							<focusedlayout width="160" height="200">
								<control type="group">
									<posy>-29</posy>
									<!-- drop shadow -->
									<control type="image">
										<posx>27</posx>
										<posy>42</posy>
										<width>136</width>
										<height>159</height>
										<aspectratio scalediffuse="true" align="center">stretch</aspectratio>
										<texture background="true" border="40">posterFrameSmallShadow3.png</texture>
									</control>
								<control type="image">
									<posx>34</posx>
									<posy>49</posy>
									<width>122</width>
									<height>145</height>
									<aspectratio scalediffuse="false" align="center">scale</aspectratio>
									<texture diffuse="posterMaskSmall.png" background="true" fallback="posterFrameSmallShadow2.png">$INFO[ListItem.Art(thumb)]</texture>
									<bordertexture border="10">frameorange.png</bordertexture>
									<bordersize>3</bordersize>
								</control>
								<control type="image">
									<posx>35</posx>
									<posy>205</posy>
									<width>120</width>
									<height>25</height>
									<texture border="10">whitewiderounded.png</texture>
									<colordiffuse>FF000000</colordiffuse>
									<animation effect="fade" start="0" end="20" time="400" condition="true">Conditional</animation>
								</control>
								<control type="label">
									<posx>95</posx>
									<posy>216</posy>
									<width>100</width>
									<align>center</align>
									<aligny>center</aligny>
									<scroll>false</scroll>
									<label>$INFO[ListItem.Title]</label>
									<font>SearchResultSmaller</font>
									<textcolor>raspberry</textcolor>
									<wrapmultiline>false</wrapmultiline>
									<animation effect="fade" start="0" end="40" time="400" condition="true">Conditional</animation>
								</control>
								</control>
							</focusedlayout>
							<height>200</height>
						</control>
					</control>
					<!-- Clips -->
					<control type="group" id="7012">
						<height>700</height>
						<control type="image">
							<include>Search_Header_background</include>
						</control>
						<control type="label" id="8012">
							<visible>Control.HasFocus(9012)</visible>
							<include>Search_Label</include>
							<posy>4</posy>
							<label>Clips</label>
						</control>
						<control type="label" id="8012">
							<visible>!Control.HasFocus(9012)</visible>
							<include>Search_Label_Unfocused</include>
							<posy>4</posy>
							<label>Clips</label>
						</control>
						<!-- title bar infos -->
						<control type="grouplist">
							<posx>38</posx>
							<posy>10</posy>
							<height>23</height>
							<orientation>horizontal</orientation>
							<itemgap>0</itemgap>
							<visible>Control.HasFocus(9012)</visible>
							<control type="label">
								<align>left</align>
								<label>$INFO[Container(9012).ListItem(0).Title]</label>
								<font>SearchResult</font>
								<scroll>false</scroll>
								<textcolor>raspberry</textcolor>
								<wrapmultiline>false</wrapmultiline>
								<width min="1" max="600">auto</width>
								<visible>!IsEmpty(Container(9012).ListItem(0).Title)</visible>
							</control>
							<control type="label">
								<align>left</align>
								<label> &#xB7; $INFO[Container(9012).ListItem(0).DurationStr]</label>
								<font>SearchResult</font>
								<scroll>false</scroll>
								<textcolor>FFFFFFFF</textcolor>
								<wrapmultiline>false</wrapmultiline>
								<width min="1" max="200">auto</width>
								<visible>!IsEmpty(Container(9012).ListItem(0).DurationStr)</visible>
							</control>
						</control>
						<visible allowhiddenfocus="false">true</visible>
						<control type="panel" id="9012">
							<width>890</width>
							<height>680</height>
							<posy>35</posy>
							<visible allowhiddenfocus="false">true</visible>
							<orientation>vertical</orientation>
							<onup>9013</onup>
							<ondown>-</ondown>
							<onright>-</onright>
							<onleft>350</onleft>
							<posx>0</posx>
							<posy>0</posy>
							<itemlayout width="440" height="134">
								<!-- drop shadow -->
								<control type="image">
									<posx>29</posx>
									<posy>11</posy>
									<width>132</width>
									<height>126</height>
									<aspectratio scalediffuse="true" align="center">stretch</aspectratio>
									<texture background="true" border="13">posterFrameSmallShadow3.png</texture>
								</control>
							<control type="image">
								<posx>37</posx>
								<posy>19</posy>
								<width>116</width>
								<height>110</height>
								<aspectratio scalediffuse="false" align="top">scale</aspectratio>
								<texture diffuse="episodeMaskSmall.png" background="true">$INFO[ListItem.Art(thumb)]</texture>
							</control>
							<control type="image">
								<posx>160</posx>
								<posy>17</posy>
								<width>270</width>
								<height>46</height>
								<texture border="10">whitewiderounded.png</texture>
								<colordiffuse>FF000000</colordiffuse>
								<animation effect="fade" start="0" end="20" time="400" condition="true">Conditional</animation>
							</control>
							<control type="image">
								<posx>160</posx>
								<posy>68</posy>
								<width>270</width>
								<height>64</height>
								<texture border="10">whitewiderounded.png</texture>
								<colordiffuse>FF000000</colordiffuse>
								<animation effect="fade" start="0" end="15" time="400" condition="true">Conditional</animation>
							</control>
							<control type="image">
								<posx>160</posx>
								<posy>17</posy>
								<width>270</width>
								<height>46</height>
								<texture border="10">whitewiderounded.png</texture>
								<colordiffuse>FF000000</colordiffuse>
								<animation effect="fade" start="0" end="20" time="400" condition="true">Conditional</animation>
							</control>
								<control type="label">
									<posx>165</posx>
									<posy>30</posy>
									<width>250</width>
									<align>left</align>
									<aligny>center</aligny>
									<scroll>false</scroll>
									<label>$INFO[ListItem.title]</label>
									<font>SearchResult</font>
									<textcolor>FFdddddd</textcolor>
									<wrapmultiline>false</wrapmultiline>
								</control>
								<control type="label">
									<posx>165</posx>
									<posy>49</posy>
									<width>250</width>
									<align>left</align>
									<aligny>center</aligny>
									<scroll>false</scroll>
									<label>$INFO[ListItem.Property(originallyAvailableAt)] &#x2022; $INFO[ListItem.DurationStr] &#x2022; $INFO[ListItem.Property(sourceTitle)]</label>
									<font>SearchResultSmall</font>
									<textcolor>FF777777</textcolor>
									<wrapmultiline>false</wrapmultiline>
								</control>
								<control type="label" id="999">
									<posx>165</posx>
									<posy>72</posy>
									<width>250</width>
									<height>40</height>
									<scroll>false</scroll>
									<label>$INFO[ListItem.plot]</label>
									<font>SearchResultSmall</font>
									<textcolor>FF999999</textcolor>
									<wrapmultiline>true</wrapmultiline>
								</control>
							</itemlayout>
							<focusedlayout width="440" height="120">
								<control type="image">
									<posx>27</posx>
									<posy>9</posy>
									<width>136</width>
									<height>130</height>
									<aspectratio scalediffuse="true" align="center">stretch</aspectratio>
									<texture background="true" border="13">posterFrameSmallShadow3.png</texture>
								</control>
							<control type="image">
								<posx>34</posx>
								<posy>16</posy>
								<width>122</width>
								<height>116</height>
								<aspectratio scalediffuse="false" align="top">scale</aspectratio>
								<texture diffuse="episodeMaskSmall.png" background="true">$INFO[ListItem.Art(thumb)]</texture>
								<bordertexture border="10">frameorange.png</bordertexture>
								<bordersize>3</bordersize>
							</control>
							<control type="image">
								<posx>160</posx>
								<posy>17</posy>
								<width>270</width>
								<height>46</height>
								<texture border="10">whitewiderounded.png</texture>
								<colordiffuse>FF000000</colordiffuse>
								<animation effect="fade" start="0" end="20" time="400" condition="true">Conditional</animation>
							</control>
							<control type="image">
								<posx>160</posx>
								<posy>68</posy>
								<width>270</width>
								<height>64</height>
								<texture border="10">whitewiderounded.png</texture>
								<colordiffuse>FF000000</colordiffuse>
								<animation effect="fade" start="0" end="15" time="400" condition="true">Conditional</animation>
							</control>
							<control type="image">
								<posx>160</posx>
								<posy>17</posy>
								<width>270</width>
								<height>46</height>
								<texture border="10">whitewiderounded.png</texture>
								<colordiffuse>FF000000</colordiffuse>
								<animation effect="fade" start="0" end="20" time="400" condition="true">Conditional</animation>
							</control>
								<control type="label">
									<posx>165</posx>
									<posy>30</posy>
									<width>250</width>
									<align>left</align>
									<aligny>center</aligny>
									<scroll>false</scroll>
									<label>$INFO[ListItem.title]</label>
									<font>SearchResult</font>
									<textcolor>raspberry</textcolor>
									<wrapmultiline>false</wrapmultiline>
								</control>
								<control type="label">
									<posx>165</posx>
									<posy>49</posy>
									<width>250</width>
									<align>left</align>
									<aligny>center</aligny>
									<scroll>false</scroll>
									<label>$INFO[ListItem.Property(originallyAvailableAt)] &#x2022; $INFO[ListItem.DurationStr] &#x2022; $INFO[ListItem.Property(sourceTitle)]</label>
									<font>SearchResultSmall</font>
									<textcolor>FF777777</textcolor>
									<wrapmultiline>false</wrapmultiline>
								</control>
								<control type="label" id="999">
									<posx>165</posx>
									<posy>72</posy>
									<width>250</width>
									<height>40</height>
									<scroll>false</scroll>
									<label>$INFO[ListItem.plot]</label>
									<font>SearchResultSmall</font>
									<textcolor>FF999999</textcolor>
									<wrapmultiline>true</wrapmultiline>
								</control>
							</focusedlayout>
						</control>
					</control>
				</control>
			</control>
		</control>
	</controls>
</window>
