<?xml version="1.0"?>
<window>
	<defaultcontrol always="true">101</defaultcontrol>
	<allowoverlay>no</allowoverlay>
	<controls>
		<include>HomeRightOverlay</include>
		<!-- Submenu blade / main menu -->
		<control type="group">
			<include>SettingsSubBlade</include>
			<animation effect="fade" time="300" condition="Window.Next(0)">WindowClose</animation>
			<control type="list" id="101">
				<description>Side Menu</description>
				<onup>101</onup>
				<ondown>101</ondown>
				<onleft>5</onleft>
				<animation effect="fade" time="300" condition="Window.Next(0)">WindowClose</animation>
				<include>SettingsSideMenu</include>
				<focusedlayout width="300" height="HomeSideMenuItemHeight">
					<control type="image">
						<include>HomeSideMenuNFBGImage</include>
					</control>
					<control type="label">
						<posx>SettingsTextXOffset</posx>
						<include>HomeSideMenuNFBGLabel</include>
					</control>
					<control type="image">
						<include>HomeSideMenuFOBGImage</include>
						<animation effect="slide" start="0,-43" end="0,0" time="400" reversible="false" tween="quadratic" easing="out" condition="Container(101).OnNext">Focus</animation>
						<animation effect="slide" start="0,43" end="0,0" time="400" reversible="false" tween="quadratic" easing="out" condition="Container(101).OnPrevious">Focus</animation>
					</control>
					<control type="label">
						<posx>SettingsTextXOffset</posx>
						<include>HomeSideMenuFOBGLabel</include>
						<animation effect="fade" start="0" end="100" time="200" delay="300" reversible="false" condition="Container(101).OnNext">Focus</animation>
						<animation effect="fade" start="0" end="100" time="200" delay="300" reversible="false" condition="Container(101).OnPrevious">Focus</animation>
					</control>
				</focusedlayout>
				<content>
					<item id="1">
						<description>General</description>
						<label>$LOCALIZE[31604]</label>
						<onclick>SetFocus(201)</onclick>
					</item>
					<item id="2">
						<description>Home</description>
						<label>$LOCALIZE[31605]</label>
						<onclick>SetFocus(202)</onclick>
					</item>
				</content>
			</control>
		</control>
		<!-- Main control area -->
		<include>SettingsTextArea</include>
		<control type="group" id="5">
			<description>Control Area</description>
			<include>SettingsOptionsArea</include>
			<control type="label">
				<description>Title label</description>
				<label>$LOCALIZE[31606]</label>
				<include>SettingsUpperTitle</include>
			</control>
			<control type="label" id="2">
				<description>Title</description>
				<label> $LOCALIZE[31603]</label>
				<include>SettingsLowerTitle</include>
				<visible>!Control.HasFocus(1000)</visible>
			</control>
			<!-- General Options -->
			<control type="grouplist" id="201">
				<onup>1000</onup>
				<pagecontrol>61</pagecontrol>
				<visible allowhiddenfocus="false">Container(101).HasFocus(1) | ControlGroup(201).HasFocus()</visible>
				<include>CustomSettingsList</include>
				<control type="radiobutton" id="210">
					<description>Show Thumbs in List View (All)</description>
					<label>$LOCALIZE[31981]</label>
					<onclick>Skin.ToggleSetting(HideListViewIcons)</onclick>
					<selected>!Skin.HasSetting(HideListViewIcons)</selected>
					<include>GeneralSkinOption</include>
				</control>
				<control type="radiobutton" id="240">
					<description>Show Plot in Video OSD</description>
					<label>$LOCALIZE[31982]</label>
					<onclick>Skin.ToggleSetting(HidePlotInVideoOSD)</onclick>
					<selected>!Skin.HasSetting(HidePlotInVideoOSD)</selected>
					<include>GeneralSkinOption</include>
				</control>
				<control type="radiobutton" id="324">
					<description>Show Pictures description</description>
					<label>$LOCALIZE[31983]</label>
					<onclick>Skin.ToggleSetting(HideDescriptionInSlideshow)</onclick>
					<selected>!Skin.HasSetting(HideDescriptionInSlideshow)</selected>
					<include>GeneralSkinOption</include>
				</control>
				<control type="radiobutton" id="325">
					<description>Show Now playing in viz description</description>
					<label>$LOCALIZE[31984]</label>
					<onclick>Skin.ToggleSetting(HideNowPlayingInViz)</onclick>
					<selected>!Skin.HasSetting(HideNowPlayingInViz)</selected>
					<include>GeneralSkinOption</include>
				</control>
			</control>
			<!-- Home Options -->
			<control type="grouplist" id="202">
				<onup>1000</onup>
				<pagecontrol>61</pagecontrol>
				<visible allowhiddenfocus="false">Container(101).HasFocus(2) | ControlGroup(202).HasFocus()</visible>
				<include>CustomSettingsList</include>
				<control type="radiobutton" id="220">
					<description>Show Videos Menu</description>
					<include>GeneralSkinOption</include>
					<label>$LOCALIZE[31956] $LOCALIZE[31971]</label>
					<onclick>Skin.ToggleSetting(HideVideos)</onclick>
					<selected>!Skin.HasSetting(HideVideos)</selected>
				</control>
				<control type="radiobutton" id="235">
					<description>Show Music Menu</description>
					<include>GeneralSkinOption</include>
					<label>$LOCALIZE[31956] $LOCALIZE[31972]</label>
					<onclick>Skin.ToggleSetting(HideMusic)</onclick>
					<selected>!Skin.HasSetting(HideMusic)</selected>
				</control>
				<control type="radiobutton" id="240">
					<description>Show Pictures Menu</description>
					<include>GeneralSkinOption</include>
					<label>$LOCALIZE[31956] $LOCALIZE[31973]</label>
					<onclick>Skin.ToggleSetting(HidePictures)</onclick>
					<selected>!Skin.HasSetting(HidePictures)</selected>
				</control>
				<control type="radiobutton" id="308">
					<description>Show Power Menu</description>
					<include>GeneralSkinOption</include>
					<label>$LOCALIZE[31956] $LOCALIZE[31962]</label>
					<onclick>Skin.ToggleSetting(HidePower)</onclick>
					<onclick>Skin.Reset(ShowShutDown)</onclick>
					<onclick>Skin.Reset(ShowSleep)</onclick>
					<selected>!Skin.HasSetting(HidePower)</selected>
				</control>
				<control type="radiobutton" id="309">
					<description>Show Quit</description>
					<include>GeneralSkinOption</include>
					<label> - $LOCALIZE[31962] $LOCALIZE[31963] $LOCALIZE[31007]</label>
					<onclick>Skin.Reset(ShowShutDown)</onclick>
					<onclick>Skin.Reset(ShowSleep)</onclick>
					<enable>!Skin.HasSetting(HidePower)</enable>
					<selected>!Skin.HasSetting(ShowSleep) + !Skin.HasSetting(ShowShutDown)</selected>
				</control>
				<control type="radiobutton" id="310">
					<description>Show Sleep</description>
					<include>GeneralSkinOption</include>
					<label> - $LOCALIZE[31962] $LOCALIZE[31963] $LOCALIZE[31960]</label>
					<onclick>Skin.Reset(ShowShutDown)</onclick>
					<onclick>Skin.SetBool(ShowSleep)</onclick>
					<enable>!Skin.HasSetting(HidePower)</enable>
					<selected>Skin.HasSetting(ShowSleep)</selected>
				</control>
				<control type="radiobutton" id="311">
					<description>Show Shutdown</description>
					<include>GeneralSkinOption</include>
					<label> - $LOCALIZE[31962] $LOCALIZE[31963] $LOCALIZE[31961]</label>
					<onclick>Skin.SetBool(ShowShutDown)</onclick>
					<onclick>Skin.Reset(ShowSleep)</onclick>
					<enable>!Skin.HasSetting(HidePower)</enable>
					<selected>Skin.HasSetting(ShowShutDown)</selected>
				</control>
			</control>
			<!-- Scrollbar -->
			<control type="scrollbar" id="61">
				<onup>61</onup>
				<ondown>61</ondown>
				<include>SettingsOptionsScrollbarDims</include>
			</control>
		</control>
		<!-- Settings Menu -->
		<include>SettingsCategoryMenu</include>
		<!-- Blades -->
		<include>SettingsLeftBlade</include>
		<!-- Custom Background Previews -->
		<control type="group">
			<posx>8</posx>
			<animation effect="slide" tween="cubic" start="0,0" end="-280,0" time="200" delay="100">WindowClose</animation>
			<control type="image">
				<info>Skin.String(CustomVideosBG)</info>
				<visible>Skin.String(CustomVideosBG) + ControlGroup(208).HasFocus(290)</visible>
				<include>CustomBGSettingThumb</include>
			</control>
			<control type="multiimage">
				<info>Skin.String(CustomVideosBGFolder)</info>
				<visible>Skin.String(CustomVideosBGFolder) + ControlGroup(208).HasFocus(291)</visible>
				<include>CustomBGSettingMultiThumb</include>
			</control>
			<control type="image">
				<info>Skin.String(CustomMoviesBG)</info>
				<visible>Skin.String(CustomMoviesBG) + ControlGroup(206).HasFocus(290)</visible>
				<include>CustomBGSettingThumb</include>
			</control>
			<control type="multiimage">
				<info>Skin.String(CustomMoviesBGFolder)</info>
				<visible>Skin.String(CustomMoviesBGFolder) + ControlGroup(206).HasFocus(291)</visible>
				<include>CustomBGSettingMultiThumb</include>
			</control>
			<control type="image">
				<info>Skin.String(CustomTVShowsBG)</info>
				<visible>Skin.String(CustomTVShowsBG) + ControlGroup(205).HasFocus(290)</visible>
				<include>CustomBGSettingThumb</include>
			</control>
			<control type="multiimage">
				<info>Skin.String(CustomTVShowsBGFolder)</info>
				<visible>Skin.String(CustomTVShowsBGFolder) + ControlGroup(205).HasFocus(291)</visible>
				<include>CustomBGSettingMultiThumb</include>
			</control>
			<control type="image">
				<info>Skin.String(CustomMusicBG)</info>
				<visible>Skin.String(CustomMusicBG) + ControlGroup(207).HasFocus(290)</visible>
				<include>CustomBGSettingThumb</include>
			</control>
			<control type="multiimage">
				<info>Skin.String(CustomMusicBGFolder)</info>
				<visible>Skin.String(CustomMusicBGFolder) + ControlGroup(207).HasFocus(291)</visible>
				<include>CustomBGSettingMultiThumb</include>
			</control>
			<control type="image">
				<info>Skin.String(CustomPicturesBG)</info>
				<visible>Skin.String(CustomPicturesBG) + ControlGroup(209).HasFocus(290)</visible>
				<include>CustomBGSettingThumb</include>
			</control>
			<control type="multiimage">
				<info>Skin.String(CustomPicturesBGFolder)</info>
				<visible>Skin.String(CustomPicturesBGFolder) + ControlGroup(209).HasFocus(291)</visible>
				<include>CustomBGSettingMultiThumb</include>
			</control>
			<control type="image">
				<info>Skin.String(CustomProgramsBG)</info>
				<visible>Skin.String(CustomProgramsBG) + ControlGroup(203).HasFocus(242)</visible>
				<include>CustomBGSettingThumb</include>
			</control>
			<control type="multiimage">
				<info>Skin.String(CustomProgramsBGFolder)</info>
				<visible>Skin.String(CustomProgramsBGFolder) + ControlGroup(203).HasFocus(243)</visible>
				<include>CustomBGSettingMultiThumb</include>
			</control>
			<control type="image">
				<info>Skin.String(CustomSystemBG)</info>
				<visible>Skin.String(CustomSystemBG) + ControlGroup(203).HasFocus(244)</visible>
				<include>CustomBGSettingThumb</include>
			</control>
			<control type="multiimage">
				<info>Skin.String(CustomSystemBGFolder)</info>
				<visible>Skin.String(CustomSystemBGFolder) + ControlGroup(203).HasFocus(245)</visible>
				<include>CustomBGSettingMultiThumb</include>
			</control>
			<control type="image">
				<info>Skin.String(CustomPowerBG)</info>
				<visible>Skin.String(CustomPowerBG) + ControlGroup(203).HasFocus(246)</visible>
				<include>CustomBGSettingThumb</include>
			</control>
			<control type="multiimage">
				<info>Skin.String(CustomPowerBGFolder)</info>
				<visible>Skin.String(CustomPowerBGFolder) + ControlGroup(203).HasFocus(247)</visible>
				<include>CustomBGSettingMultiThumb</include>
			</control>
			<control type="image">
				<info>Skin.String(CustomDVDBG)</info>
				<visible>Skin.String(CustomDVDBG) + ControlGroup(203).HasFocus(248)</visible>
				<include>CustomBGSettingThumb</include>
			</control>
			<control type="multiimage">
				<info>Skin.String(CustomDVDBGFolder)</info>
				<visible>Skin.String(CustomDVDBGFolder) + ControlGroup(203).HasFocus(249)</visible>
				<include>CustomBGSettingMultiThumb</include>
			</control>
			<control type="image">
				<info>Skin.String(CustomAMTBG)</info>
				<visible>Skin.String(CustomAMTBG) + ControlGroup(203).HasFocus(250)</visible>
				<include>CustomBGSettingThumb</include>
			</control>
			<control type="multiimage">
				<info>Skin.String(CustomAMTBGFolder)</info>
				<visible>Skin.String(CustomAMTBGFolder) + ControlGroup(203).HasFocus(251)</visible>
				<include>CustomBGSettingMultiThumb</include>
			</control>
		</control>
		<!-- Widgets -->
		<include>Clock</include>
	</controls>
</window>
