<?xml version="1.0"?>
<window id="2005">
	<defaultcontrol>-</defaultcontrol>
	<controls>
		<!-- codec infos -->
		<control type="group">
			<include>VideoOSDSlideDown</include>
			<control type="image">
				<description>OSD Background Image</description>
				<posx>0</posx>
				<posy>0</posy>
				<width>1280</width>
				<height>150</height>
				<texture flipy="true">OSDBackground.png</texture>
				<aspectratio>stretch</aspectratio>
			</control>
			<control type="label" id="10">
				<description>row 1 label</description>
				<posx>150</posx>
				<posy>20</posy>
				<label>-</label>
				<align>left</align>
				<font>MediumSmallDefaultFont</font>
			</control>
			<control type="label" id="11">
				<description>row 2 label</description>
				<posx>150</posx>
				<posy>45</posy>
				<label>-</label>
				<align>left</align>
				<font>MediumSmallDefaultFont</font>
			</control>
			<control type="label" id="12">
				<description>row 3 label</description>
				<posx>150</posx>
				<posy>70</posy>
				<label>-</label>
				<align>left</align>
				<font>MediumSmallDefaultFont</font>
			</control>
		</control>
		<!-- buffering dialog -->
		<control type="label" id="24">
			<description>buffering label</description>
			<posx>210</posx>
			<posy>520</posy>
			<label>15107</label>
			<width>291</width>
			<align>center</align>
			<textcolor>white</textcolor>
		</control>
		<control type="group" id="1">
			<visible>Player.Seeking | Player.DisplayAfterSeek | Player.ShowCodec | [Player.ShowInfo + Window.IsActive(FullScreenVideo)] | Window.IsActive(VideoOSD) | Window.IsActive(MusicOSD) | Player.Paused | Player.Forwarding | Player.Rewinding</visible>
			<animation effect="slide" time="700" tween="circle" easing="out" start="0,-60" end="0,0">Visible</animation>
			<animation effect="slide" time="700" tween="circle" easing="out" start="0,0" end="0,-60">Hidden</animation>
			<include>Clock</include>
		</control>
		<control type="image" id="1">
			<description>OSD Background Image</description>
			<visible>Player.Seeking | Player.DisplayAfterSeek | [Player.ShowInfo + Window.IsActive(FullScreenVideo)] | Window.IsActive(VideoOSD) | Window.IsActive(MusicOSD) | Player.Paused | Player.Forwarding | Player.Rewinding</visible>
			<include>VideoOSDSlide</include>
			<include>OSDBottomBG</include>
		</control>
		<control type="group" id="1">
			<posx>0</posx>
			<posy>500</posy>
			<visible>Player.ShowInfo</visible>
			<include>VideoOSDSlide</include>
		</control>
		<control type="group" id="1">
			<posx>0</posx>
			<posy>505</posy>
			<visible>Player.Seeking | Player.DisplayAfterSeek | [Player.ShowInfo + Window.IsActive(FullScreenVideo)] | Window.IsActive(VideoOSD) | Window.IsActive(MusicOSD) | Player.Paused | Player.Forwarding | Player.Rewinding</visible>
			<include>VideoOSDSlide</include>
			<control type="group" id="1">
				<posx>52</posx>
				<posy>50</posy>
				<control type="group" id="1">
					<visible>![VideoPlayer.Content(movies) | VideoPlayer.Content(episodes) | VideoPlayer.Content(livetv)]</visible>
					<control type="group" id="1">
						<posy>42</posy>
						<control type="label" id="1">
							<width>440</width>
							<font>MediumSmallTitleCapsFont</font>
							<label>$INFO[VideoPlayer.Title]</label>
						</control>
					</control>
					<control type="group" id="1">
						<posx>990</posx>
						<visible>!Window.IsActive(VideoOSD)</visible>
						<include>MediaFade</include>
						<control type="image" id="1">
							<width>200</width>
							<height>94</height>
							<aspectratio>keep</aspectratio>
							<align>right</align>
							<info>VideoPlayer.Cover</info>
						</control>
					</control>
				</control>
				<control type="group" id="1">
					<visible>VideoPlayer.Content(movies)</visible>
					<control type="group" id="1">
						<posy>32</posy>
						<control type="label" id="1">
							<width>396</width>
							<font>MediumSmallTitleCapsFont</font>
							<label>$INFO[VideoPlayer.Title]</label>
						</control>
						<control type="label" id="1">
							<width>396</width>
							<posy>22</posy>
							<font>SmallTitleCapsFont</font>
							<label>$INFO[VideoPlayer.Year,(,)]</label>
						</control>
					</control>
					<control type="group" id="1">
						<posx>406</posx>
						<visible>![Window.IsActive(VideoOSD) | Player.Forwarding | Player.Rewinding]</visible>
						<include>MediaFade</include>
						<control type="image" id="1">
							<width>100</width>
							<height>94</height>
							<aspectratio align="right">keep</aspectratio>
							<info>VideoPlayer.Cover</info>
							<visible>!Skin.HasSetting(HidePlotInVideoOSD)</visible>
						</control>
						<control type="textbox" id="1">
							<posx>110</posx>
							<width>650</width>
							<height>86</height>
							<label>$INFO[VideoPlayer.Plot]</label>
							<visible>!Skin.HasSetting(HidePlotInVideoOSD)</visible>
						</control>
						<control type="image" id="1">
							<posx>660</posx>
							<width>100</width>
							<height>94</height>
							<aspectratio align="right">keep</aspectratio>
							<info>VideoPlayer.Cover</info>
							<visible>Skin.HasSetting(HidePlotInVideoOSD)</visible>
						</control>
					</control>
				</control>
				<control type="group" id="1">
					<visible>VideoPlayer.Content(episodes) | VideoPlayer.Content(livetv)</visible>
					<control type="group" id="1">
						<posy>16</posy>
						<control type="label" id="1">
							<width>396</width>
							<font>MediumSmallTitleCapsFont</font>
							<label>$INFO[VideoPlayer.TVShowTitle]</label>
							<textcolor>raspberry</textcolor>
						</control>
						<control type="label" id="1">
							<posy>22</posy>
							<width>396</width>
							<font>SmallTitleCapsFont</font>
							<label>$INFO[VideoPlayer.Season,$LOCALIZE[20373] ], $INFO[VideoPlayer.Episode,$LOCALIZE[20359] ]</label>
						</control>
						<control type="label" id="1">
							<width>396</width>
							<posy>42</posy>
							<font>DefaultCapsFont</font>
							<label>$INFO[VideoPlayer.Title]</label>
						</control>
					</control>
					<control type="group" id="1">
						<posx>406</posx>
						<visible>![Window.IsActive(VideoOSD) | Player.Forwarding | Player.Rewinding]</visible>
						<include>MediaFade</include>
						<control type="textbox" id="1">
							<posx>-40</posx>
							<width>800</width>
							<height>92</height>
							<label>$INFO[VideoPlayer.Plot]</label>
						</control>
					</control>
				</control>
			</control>
			<control type="group" id="1">
				<description>Seek Indicators</description>
				<posx>1078</posx>
				<posy>12</posy>
				<control type="image" id="1">
					<description>FF/REW container image</description>
					<posx>14</posx>
					<posy>50</posy>
					<width>130</width>
					<height>81</height>
					<visible>Player.Forwarding | Player.Rewinding</visible>
					<texture>OSDSeekFrame.png</texture>
				</control>
				<control type="image" id="1">
					<description>RW image</description>
					<posx>0</posx>
					<posy>61</posy>
					<width>26</width>
					<height>57</height>
					<visible>Player.Rewinding</visible>
					<texture>OSDSeekRewind.png</texture>
				</control>
				<control type="image" id="1">
					<description>FF image</description>
					<posx>132</posx>
					<posy>61</posy>
					<width>26</width>
					<height>57</height>
					<visible>Player.Forwarding</visible>
					<texture>OSDSeekForward.png</texture>
				</control>
				<control type="group" id="1">
					<posy>59</posy>
					<control type="image" id="1">
						<description>2x FF image</description>
						<posx>21</posx>
						<include>VideoOSDSeekIcon</include>
						<texture>OSD2x.png</texture>
						<visible>Player.Forwarding2x</visible>
					</control>
					<control type="image" id="1">
						<description>4x FF image</description>
						<posx>33</posx>
						<include>VideoOSDSeekIcon</include>
						<texture>OSD4x.png</texture>
						<visible>Player.Forwarding4x</visible>
					</control>
					<control type="image" id="1">
						<description>8x FF image</description>
						<posx>45</posx>
						<include>VideoOSDSeekIcon</include>
						<texture>OSD8x.png</texture>
						<visible>Player.Forwarding8x</visible>
					</control>
					<control type="image" id="1">
						<description>16x FF image</description>
						<posx>57</posx>
						<include>VideoOSDSeekIcon</include>
						<texture>OSD16x.png</texture>
						<visible>Player.Forwarding16x</visible>
					</control>
					<control type="image" id="1">
						<description>32x FF image</description>
						<posx>69</posx>
						<include>VideoOSDSeekIcon</include>
						<texture>OSD32x.png</texture>
						<visible>Player.Forwarding32x</visible>
					</control>
					<control type="image" id="1">
						<description>2x REW image</description>
						<posx>69</posx>
						<include>VideoOSDSeekIcon</include>
						<texture>OSD2x.png</texture>
						<visible>Player.Rewinding2x</visible>
					</control>
					<control type="image" id="1">
						<description>4x REW image</description>
						<posx>57</posx>
						<include>VideoOSDSeekIcon</include>
						<texture>OSD4x.png</texture>
						<visible>Player.Rewinding4x</visible>
					</control>
					<control type="image" id="1">
						<description>8x REW image</description>
						<posx>45</posx>
						<include>VideoOSDSeekIcon</include>
						<texture>OSD8x.png</texture>
						<visible>Player.Rewinding8x</visible>
					</control>
					<control type="image" id="1">
						<description>16x REW image</description>
						<posx>33</posx>
						<include>VideoOSDSeekIcon</include>
						<texture>OSD16x.png</texture>
						<visible>Player.Rewinding16x</visible>
					</control>
					<control type="image" id="1">
						<description>32x REW image</description>
						<posx>21</posx>
						<include>VideoOSDSeekIcon</include>
						<texture>OSD32x.png</texture>
						<visible>Player.Rewinding32x</visible>
					</control>
				</control>
			</control>
			<control type="group" id="1">
				<description>Progress Bar and Time</description>
				<posx>48</posx>
				<posy>152</posy>
				<!--
        <control type="progress" id="1">
          <description>Progress Bar</description>
          <width>1184</width>
          <info>Player.Progress</info>
        </control>
-->
				<control type="group" id="1">
					<posx>8</posx>
					<posy>23</posy>
					<control type="label" id="1">
						<description>Elapsed Time Label</description>
						<font>MediumSmallAltDefaultFont</font>
						<info>Player.time</info>
						<textcolor>Unfocused</textcolor>
						<width>300</width>
						<visible>!Player.Seeking</visible>
					</control>
					<!-- New Finish Time Label -->
					<control type="label" id="1">
						<description>Time finish label</description>
						<font>MediumSmallAltDefaultFont</font>
						<label>$LOCALIZE[31999] $INFO[player.FinishTime]</label>
						<textcolor>Unfocused</textcolor>
						<posx>184</posx>
						<width>800</width>
						<align>center</align>
						<visible>!Player.Seeking + !Player.Paused</visible>
					</control>
					<control type="label" id="1">
						<description>Seek Time Label</description>
						<font>MediumSmallAltDefaultFont</font>
						<textcolor>Unfocused</textcolor>
						<info>Player.SeekTime</info>
						<width>300</width>
						<visible>Player.Seeking</visible>
					</control>
					<control type="label" id="1">
						<description>Paused</description>
						<posx>184</posx>
						<label>112</label>
						<font>MediumSmallDefaultFont</font>
						<textcolor>Unfocused</textcolor>
						<align>center</align>
						<width>800</width>
						<visible>Player.Paused</visible>
					</control>
					<control type="label" id="1">
						<description>Duration Label</description>
						<posx>1168</posx>
						<info>Player.Duration</info>
						<font>MediumSmallAltDefaultFont</font>
						<textcolor>Unfocused</textcolor>
						<align>right</align>
						<width>300</width>
					</control>
				</control>
			</control>
		</control>
	</controls>
</window>
