<?xml version="1.0"?>
<includes>
	<!-- Wide TV/Seasons TV Shows Views -->
	<include name="TV">
		<control type="group">
			<include>TVWideVisible</include>
			<include>MediaViewBGOverlay</include>
		</control>
		<control type="group">
			<include>TVSeasonsVisible</include>
			<include>MediaViewBGOverlay</include>
		</control>
		<!-- "Seasons" -->
		<control type="group">
			<include>TVSeasonsVisible</include>
			<include>MediaViewFade</include>
			<include>TVSeasonsFadeInAnim</include>
			<control type="group">
				<include>TVSeasonsThumbPos</include>
				<animation effect="rotatey" center="840" start="32" end="32" time="0" condition="true">Conditional</animation>
				<include>MediaListSelectLongDelay</include>
				<visible>!IsEmpty(ListItem.Art(thumb)) | !Skin.HasSetting(HideNoThumbIcon)</visible>
				<!-- shadow -->
				<control type="image">
					<description>Shadow Border</description>
					<posy>-8</posy>
					<posx>-8</posx>
					<width>278</width>
					<height>488</height>
					<aspectratio align="center" aligny="top">stretch</aspectratio>
					<texture background="true" border="13">bigPosterFrameShadow.png</texture>
				</control>
				<control type="image">
					<description>Season Thumb</description>
					<include>TVSeasonsSeasonThumbDims</include>
					<texture background="true" diffuse="bigPosterMask.png">$INFO[ListItem.Art(thumb)]</texture>
					<aspectratio scalediffuse="false" align="center" aligny="top">stretch</aspectratio>
					<visible>Control.IsVisible(57)</visible>
				</control>
				<control type="label">
					<posy>66</posy>
					<width>272</width>
					<font>LargeTitleCapsFont</font>
					<include>NoThumbLabel</include>
					<visible>Control.IsVisible(57)</visible>
				</control>
			</control>
		</control>
		<!-- Wide -->
		<control type="group">
			<include>MediaViewFade</include>
			<visible>Control.IsVisible(57)</visible>
			<control type="group">
				<!--<include>MediaListSelectDelay</include>-->
				<posx>600</posx>
				<control type="group">
					<include>TVWideVisible</include>
					<posy>187</posy>
					<visible>!IsEmpty(ListItem.Art(banner)) | !Skin.HasSetting(HideNoThumbIcon)</visible>
					<!-- shadow -->
					<control type="image">
						<description>Shadow Border</description>
						<posy>43</posy>
						<posx>-7</posx>
						<width>677</width>
						<height>140</height>
						<aspectratio>stretch</aspectratio>
						<texture border="50">bannerFrameShadow.png</texture>
					</control>
					<!-- border -->
					<!--<control type="image">
						<description>Shadow Border</description>
						<posy>49</posy>
						<posx>-1</posx>
						<width>674</width>
						<height>132</height>
						<aspectratio>stretch</aspectratio>
						<texture border="50">bannerMask.png</texture>
						<colordiffuse>raspberry</colordiffuse>
						<visible>!Skin.HasSetting(hideposterborders)</visible>
					</control>-->
					<control type="image">
						<description>Wide icon</description>
						<posy>51</posy>
						<posx>1</posx>
						<width>660</width>
						<height>122</height>
						<texture diffuse="bannerMask.png">$INFO[ListItem.Art(banner)]</texture>
						<aspectratio scalediffuse="false" align="center" aligny="center">scale</aspectratio>
					</control>
					<control type="label">
						<posy>30</posy>
						<width>288</width>
						<font>TitleCapsFont</font>
						<include>NoThumbLabel</include>
					</control>
				</control>
			</control>
			<!-- "Wide" list -->
			<control type="list" id="57">
				<viewtype label="Wide">list</viewtype>
				<onleft>Skin.ToggleSetting(HideNowPlayingMusicInfo)</onleft>
				<posx>-34</posx>
				<posy>235</posy>
				<width>640</width>
				<height>450</height>
				<scrolltime>200</scrolltime>
				<pagecontrol>61</pagecontrol>
				<onleft>Skin.ToggleSetting(HideNowPlayingMusicInfo)</onleft>
				<onright>9009</onright>
				<onup>57</onup>
				<ondown>57</ondown>
				<include>TVSeasonsListAnim</include>
				<itemlayout condition="!Container.Content(Seasons)" height="45" width="530">
					<control type="image">
						<posx>0</posx>
						<posy>0</posy>
						<width>600</width>
						<height>45</height>
						<texture>MediaItemBG.png</texture>
					</control>
					<control type="label">
						<posx>60</posx>
						<width>446</width>
						<height>42</height>
						<align>left</align>
						<aligny>center</aligny>
						<label>$INFO[ListItem.Label]</label>
						<font>MediumSmallDefaultCapsFont</font>
						<textcolor>Unfocused</textcolor>
					</control>
					<control type="image">
						<posx>520</posx>
						<posy>9</posy>
						<width>57</width>
						<height>29</height>
						<aspectratio>keep</aspectratio>
						<texture>Unwatchedcount.png</texture>
						<animation effect="slide" start="0,-42" end="0,0" time="MediaListSlideTime" reversible="false" tween="quadratic" easing="out" condition="Container.OnNext">focus</animation>
						<animation effect="slide" start="0,42" end="0,0" time="MediaListSlideTime" reversible="false" tween="quadratic" easing="out" condition="Container.OnPrevious">focus</animation>
						<visible>IsEmpty(ListItem.Property(ZeroEpisodeCount))</visible>
					</control>
					<control type="label">
						<posx>547</posx>
						<posy>8</posy>
						<width>40</width>
						<align>center</align>
						<label>$INFO[ListItem.Property(UnWatchedEpisodes)]</label>
						<textcolor>Unfocused</textcolor>
						<visible>IsEmpty(ListItem.Property(ZeroEpisodeCount))</visible>
					</control>
				</itemlayout>
				<focusedlayout condition="!Container.Content(Seasons)" height="45" width="530">
					<control type="image">
						<posx>35</posx>
						<posy>2</posy>
						<width>565</width>
						<height>41</height>
						<texture aspectratio="stretch" flipx="true">InfoList_focused.png</texture>
						<animation effect="slide" start="0,-42" end="0,0" time="MediaListSlideTime" reversible="false" tween="quadratic" easing="out" condition="Container.OnNext">focus</animation>
						<animation effect="slide" start="0,42" end="0,0" time="MediaListSlideTime" reversible="false" tween="quadratic" easing="out" condition="Container.OnPrevious">focus</animation>
					</control>
					<control type="image">
						<posx>520</posx>
						<posy>9</posy>
						<width>57</width>
						<height>29</height>
						<aspectratio>keep</aspectratio>
						<texture>UnwatchedcountFocused.png</texture>
						<animation effect="slide" start="0,-42" end="0,0" time="MediaListSlideTime" reversible="false" tween="quadratic" easing="out" condition="Container.OnNext">focus</animation>
						<animation effect="slide" start="0,42" end="0,0" time="MediaListSlideTime" reversible="false" tween="quadratic" easing="out" condition="Container.OnPrevious">focus</animation>
						<visible>IsEmpty(ListItem.Property(ZeroEpisodeCount))</visible>
					</control>
					<control type="label">
						<posx>60</posx>
						<width>356</width>
						<height>42</height>
						<align>left</align>
						<aligny>center</aligny>
						<label>$INFO[ListItem.Label]</label>
						<font>MediumSmallDefaultCapsFont</font>
						<textcolor>Unfocused</textcolor>
						<animation effect="fade" start="100" end="0" time="100" delay="100" reversible="false">Focus</animation>
					</control>
					<control type="group">
						<control type="label">
							<posx>60</posx>
							<width>446</width>
							<height>42</height>
							<align>left</align>
							<aligny>center</aligny>
							<label>$INFO[ListItem.Label]</label>
							<font>MediumSmallDefaultCapsFont</font>
							<animation effect="fade" start="0" end="100" time="100" delay="100" reversible="false" condition="Container.OnNext">Focus</animation>
							<animation effect="fade" start="0" end="100" time="100" delay="100" reversible="false" condition="Container.OnPrevious">Focus</animation>
						</control>
					</control>
					<control type="label">
						<posx>547</posx>
						<posy>8</posy>
						<width>40</width>
						<align>center</align>
						<label>$INFO[ListItem.Property(UnWatchedEpisodes)]</label>
						<textcolor>Focused</textcolor>
						<visible>IsEmpty(ListItem.Property(ZeroEpisodeCount))</visible>
					</control>
				</focusedlayout>
				<!-- TV Shows "Seasons" view -->
				<itemlayout condition="Container.Content(Seasons)" height="45" width="530">
					<control type="image">
						<posx>35</posx>
						<posy>0</posy>
						<width>610</width>
						<height>45</height>
						<texture>MediaItemBG.png</texture>
					</control>
					<control type="label">
						<posx>60</posx>
						<width>446</width>
						<height>42</height>
						<align>left</align>
						<aligny>center</aligny>
						<label>$INFO[ListItem.Label]</label>
						<font>MediumSmallDefaultCapsFont</font>
						<textcolor>Unfocused</textcolor>
					</control>
					<control type="image">
						<posx>565</posx>
						<posy>9</posy>
						<width>57</width>
						<height>29</height>
						<aspectratio>keep</aspectratio>
						<texture>Unwatchedcount.png</texture>
						<animation effect="slide" start="0,-42" end="0,0" time="MediaListSlideTime" reversible="false" tween="quadratic" easing="out" condition="Container.OnNext">focus</animation>
						<animation effect="slide" start="0,42" end="0,0" time="MediaListSlideTime" reversible="false" tween="quadratic" easing="out" condition="Container.OnPrevious">focus</animation>
						<visible>IsEmpty(ListItem.Property(ZeroEpisodeCount))</visible>
					</control>
					<control type="label">
						<posx>592</posx>
						<width>40</width>
						<height>49</height>
						<align>center</align>
						<aligny>center</aligny>
						<label>$INFO[ListItem.Property(UnWatchedEpisodes)]</label>
						<textcolor>Unfocused</textcolor>
						<visible>IsEmpty(ListItem.Property(ZeroEpisodeCount))</visible>
					</control>
				</itemlayout>
				<focusedlayout condition="Container.Content(Seasons)" height="45" width="530">
					<control type="image">
						<posx>35</posx>
						<posy>0</posy>
						<width>665</width>
						<height>45</height>
						<texture aspectratio="stretch" flipx="true">InfoList_focused.png</texture>
						<animation effect="slide" start="0,-42" end="0,0" time="MediaListSlideTime" reversible="false" tween="quadratic" easing="out" condition="Container.OnNext">focus</animation>
						<animation effect="slide" start="0,42" end="0,0" time="MediaListSlideTime" reversible="false" tween="quadratic" easing="out" condition="Container.OnPrevious">focus</animation>
					</control>
					<control type="image">
						<posx>565</posx>
						<posy>9</posy>
						<width>57</width>
						<height>29</height>
						<aspectratio>keep</aspectratio>
						<texture>UnwatchedcountFocused.png</texture>
						<animation effect="slide" start="0,-42" end="0,0" time="MediaListSlideTime" reversible="false" tween="quadratic" easing="out" condition="Container.OnNext">focus</animation>
						<animation effect="slide" start="0,42" end="0,0" time="MediaListSlideTime" reversible="false" tween="quadratic" easing="out" condition="Container.OnPrevious">focus</animation>
						<visible>IsEmpty(ListItem.Property(ZeroEpisodeCount))</visible>
					</control>
					<control type="group">
						<control type="label">
							<posx>60</posx>
							<width>456</width>
							<height>42</height>
							<align>left</align>
							<aligny>center</aligny>
							<label>$INFO[ListItem.Label]</label>
							<font>MediumSmallDefaultCapsFont</font>
							<animation effect="fade" start="0" end="100" time="100" delay="100" reversible="false" condition="Container.OnNext">Focus</animation>
							<animation effect="fade" start="0" end="100" time="100" delay="100" reversible="false" condition="Container.OnPrevious">Focus</animation>
						</control>
					</control>
					<control type="label">
						<posx>592</posx>
						<width>40</width>
						<height>49</height>
						<align>center</align>
						<aligny>center</aligny>
						<label>$INFO[ListItem.Property(UnWatchedEpisodes)]</label>
						<textcolor>Focused</textcolor>
						<visible>IsEmpty(ListItem.Property(ZeroEpisodeCount))</visible>
					</control>
				</focusedlayout>
			</control>
			<!-- scrollbar -->
			<control type="group">
				<posx>558</posx>
				<include>TVWideVisible</include>
				<include>MediaViewFade</include>
				<control type="scrollbar" id="61">
					<posx>3</posx>
					<posy>225</posy>
					<height>465</height>
					<onup>61</onup>
					<ondown>61</ondown>
					<onleft>50</onleft>
					<onright>9009</onright>
					<showonepage>true</showonepage>
				</control>
			</control>
			<!-- Right Side -->
			<control type="group">
				<posx>592</posx>
				<posy>237</posy>
				<!--<include>MediaListSelectDelay</include>-->
				<include>TVWideVisible</include>
				<control type="group">
					<posx>430</posx>
					<posy>75</posy>
					<!--<visible>false</visible>-->
					<visible>Container.Content(TVShows)</visible>
					<!-- tv shows & seasons -->
					<control type="group">
						<posx>-420</posx>
						<posy>5</posy>
						<visible>Container.Content(tvshows) | Container.Content(seasons)</visible>
						<control type="grouplist">
							<posx>0</posx>
							<posy>60</posy>
							<orientation>horizontal</orientation>
							<itemgap>0</itemgap>
							<control type="label">
								<description>Year</description>
								<label fallback="31047">$INFO[ListItem.Year]</label>
								<align>left</align>
								<aligny>center</aligny>
								<width min="1" max="100">auto</width>
								<height>30</height>
								<textcolor>FF999999</textcolor>
								<visible>!IsEmpty(ListItem.Year)</visible>
							</control>
							<control type="label">
								<description>Duration</description>
								<label> &#xB7; $INFO[ListItem.DurationStr]</label>
								<align>left</align>
								<aligny>center</aligny>
								<width min="1" max="100">auto</width>
								<height>30</height>
								<textcolor>FF999999</textcolor>
								<visible>!IsEmpty(ListItem.DurationStr)</visible>
							</control>
							<control type="label">
								<description>Duration</description>
								<label> &#xB7; $INFO[ListItem.FirstGenre]</label>
								<align>left</align>
								<aligny>center</aligny>
								<width min="1" max="300">auto</width>
								<height>30</height>
								<textcolor>FF999999</textcolor>
								<visible>!IsEmpty(ListItem.DurationStr)</visible>
							</control>
						</control>
						<control type="image">
							<description>Star Rating</description>
							<posy>120</posy>
							<align>left</align>
							<texture>$INFO[ListItem.StarRating]</texture>
							<aspectratio>keep</aspectratio>
							<width min="1" max="100">auto</width>
							<height>30</height>
							<colordiffuse>raspberry</colordiffuse>
							<visible>!IsEmpty(ListItem.StarRating)</visible>
						</control>
						<control type="grouplist">
							<posy>90</posy>
							<height>30</height>
							<orientation>horizontal</orientation>
							<itemgap>10</itemgap>
							<control type="label">
								<description>Total Episodes</description>
								<label>$INFO[ListItem.Episode]</label>
								<align>left</align>
								<width min="1" max="200">auto</width>
								<textcolor>FF999999</textcolor>
							</control>
							<control type="label">
								<description>Episodes Label</description>
								<label>$LOCALIZE[20360]</label>
								<align>left</align>
								<width min="1" max="200">auto</width>
								<textcolor>FF999999</textcolor>
								<height>40</height>
							</control>
						</control>
					</control>
					<control type="image">
						<posx>-420</posx>
						<posy>170</posy>
						<width>660</width>
						<height>203</height>
						<texture border="10">whitewiderounded.png</texture>
						<colordiffuse>FF000000</colordiffuse>
						<animation effect="fade" start="0" end="20" time="400" condition="true">Conditional</animation>
					</control>
					<control type="group">
						<posy>180</posy>
						<posx>-402</posx>
						<control type="textbox">
							<description>Plot</description>
							<width>630</width>
							<height>177</height>
							<info>ListItem.Plot</info>
							<visible>Container.Content(TVShows)</visible>
						</control>
					</control>
				</control>
			</control>
			<include>WideViewFlags</include>
		</control>
	</include>
	<include name="MediaPreview">
		<!-- top, default -->
		<control type="group">
			<include>MediaPreviewVisible</include>
			<include>MediaViewFade</include>
			<include>MovieViewBGOverlay</include>
			<control type="group">
				<visible>!Container.OnNext + !Container.OnPrevious</visible>
				<visible>!Skin.HasSetting(HideInfoInMediaPreview) + !Skin.HasSetting(ShowAnimMediaPreview)</visible>
				<animation effect="fade" start="0" end="100" time="300">Visible</animation>
				<!-- big posters / thumbs, left side -->
				<control type="group">
					<visible>!IsEmpty(ListItem.Art(thumb)) | !Skin.HasSetting(HideNoThumbIcon)</visible>
					<control type="group">
						<posx>12</posx>
						<posy>64</posy>
						<!-- poster -->
						<control type="group">
							<visible>!Container.Content(episodes)</visible>
							<!-- shadow -->
							<control type="image">
								<description>Thumb image</description>
								<visible>Container.Content(movies)</visible>
								<posy>-4</posy>
								<posx>-4</posx>
								<width>293</width>
								<height>435</height>
								<aspectratio align="center" aligny="top">stretch</aspectratio>
								<texture background="true" border="13">bigPosterFrameShadow.png</texture>
							</control>
							<!-- posters -->
							<control type="image">
								<description>Thumb image</description>
								<visible>Container.Content(movies) | Container.Content(tvshows)</visible>
								<posy>5</posy>
								<posx>5</posx>
								<width>273</width>
								<height>415</height>
								<texture background="true" diffuse="bigPosterMask.png">$INFO[ListItem.Art(thumb)]</texture>
								<aspectratio scalediffuse="false" align="center" aligny="top">scale</aspectratio>
							</control>
						</control>
						<!-- episode/clip thumb -->
						<control type="group">
							<visible>Container.Content(episodes) | Container.Content(clip)</visible>
							<!-- shadow -->
							<control type="image">
								<description>Thumb image</description>
								<posy>7</posy>
								<posx>2</posx>
								<width>438</width>
								<height>258</height>
								<aspectratio align="center" aligny="top">stretch</aspectratio>
								<texture background="true" border="13">bigPosterFrameShadow.png</texture>
							</control>
							<control type="image">
								<description>Larger thumb</description>
								<posx>10</posx>
								<posy>15</posy>
								<width>420</width>
								<height>240</height>
								<texture background="true" diffuse="bigPosterHorizMask.png">$INFO[ListItem.Art(thumb)]</texture>
								<aspectratio scalediffuse="false" align="center" aligny="top">scale</aspectratio>
							</control>
						</control>
					</control>
				</control>
				<!-- movies infos -->
				<control type="group">
					<posx>-40</posx>
					<posy>0</posy>
					<visible>Container.Content(movies)</visible>
					<control type="label">
						<posx>380</posx>
						<posy>72</posy>
						<description>Movie Title</description>
						<width>660</width>
						<label>$INFO[ListItem.Label]</label>
						<font>LargeTitleFont</font>
						<scroll>true</scroll>
					</control>
					<control type="grouplist">
						<posx>380</posx>
						<posy>105</posy>
						<orientation>horizontal</orientation>
						<itemgap>0</itemgap>
						<control type="label">
							<description>Year</description>
							<label fallback="31047">$INFO[ListItem.Year]</label>
							<align>left</align>
							<aligny>center</aligny>
							<width min="1" max="100">auto</width>
							<height>30</height>
							<textcolor>FF999999</textcolor>
							<visible>!IsEmpty(ListItem.Year)</visible>
						</control>
						<control type="label">
							<description>Duration</description>
							<label> &#xB7; $INFO[ListItem.DurationStr]</label>
							<align>left</align>
							<aligny>center</aligny>
							<width min="1" max="100">auto</width>
							<height>30</height>
							<textcolor>FF999999</textcolor>
							<visible>!IsEmpty(ListItem.DurationStr)</visible>
						</control>
						<control type="label">
							<description>Genre</description>
							<label> &#xB7; $INFO[ListItem.FirstGenre]</label>
							<align>left</align>
							<aligny>center</aligny>
							<width min="1" max="300">auto</width>
							<height>30</height>
							<textcolor>FF999999</textcolor>
							<visible>!IsEmpty(ListItem.FirstGenre)</visible>
						</control>
					</control>
					<!-- plot -->
					<control type="textbox">
						<description>Plot/Details</description>
						<posy>156</posy>
						<posx>380</posx>
						<width>870</width>
						<height>135</height>
						<info>ListItem.Plot</info>
						<font>MediaPreviewSummary</font>
					</control>
					<!-- extra infos -->
					<control type="grouplist">
						<posx>380</posx>
						<posy>320</posy>
						<orientation>vertical</orientation>
						<control type="grouplist">
							<height>30</height>
							<visible>!IsEmpty(ListItem.Director)</visible>
							<orientation>horizontal</orientation>
							<itemgap>10</itemgap>
							<control type="label">
								<description>Director</description>
								<font>MediaPreviewSummary</font>
								<label>$LOCALIZE[31135]:</label>
								<textcolor>raspberry</textcolor>
								<align>left</align>
								<width min="1" max="200">auto</width>
							</control>
							<control type="label">
								<font>MediaPreviewSummary</font>
								<label>$INFO[ListItem.Director]</label>
								<align>left</align>
								<width min="1" max="400">auto</width>
							</control>
						</control>
						<control type="grouplist">
							<height>30</height>
							<visible>!IsEmpty(ListItem.Writer)</visible>
							<orientation>horizontal</orientation>
							<itemgap>10</itemgap>
							<control type="label">
								<description>Writer</description>
								<font>MediaPreviewSummary</font>
								<label>$LOCALIZE[31136]:</label>
								<textcolor>raspberry</textcolor>
								<align>left</align>
								<width min="1" max="200">auto</width>
							</control>
							<control type="label">
								<font>MediaPreviewSummary</font>
								<label>$INFO[ListItem.Writer]</label>
								<align>left</align>
								<width min="1" max="400">auto</width>
							</control>
						</control>
						<control type="grouplist">
							<height>30</height>
							<visible>!IsEmpty(ListItem.Cast)</visible>
							<orientation>horizontal</orientation>
							<itemgap>10</itemgap>
							<control type="label">
								<description>Cast</description>
								<font>MediaPreviewSummary</font>
								<label>$LOCALIZE[31134]:</label>
								<textcolor>raspberry</textcolor>
								<align>left</align>
								<width min="1" max="200">auto</width>
							</control>
							<control type="label">
								<description>Cast</description>
								<font>MediaPreviewSummary</font>
								<label>$INFO[ListItem.Cast]</label>
								<align>left</align>
								<width min="1" max="600">auto</width>
							</control>
						</control>
					</control>
					<control type="group">
						<posx>265</posx>
						<posy>443</posy>
						<include>MediaPreviewFlags</include>
					</control>
				</control>
				<!-- tv shows infos -->
				<control type="group">
					<posx>-40</posx>
					<posy>0</posy>
					<visible>Container.Content(tvshows)</visible>
					<control type="label">
						<posx>380</posx>
						<posy>72</posy>
						<description>Movie Title</description>
						<width>660</width>
						<label>$INFO[ListItem.Label]</label>
						<font>LargeTitleFont</font>
						<scroll>true</scroll>
					</control>
					<control type="grouplist">
						<posx>380</posx>
						<posy>105</posy>
						<orientation>horizontal</orientation>
						<itemgap>0</itemgap>
						<control type="label">
							<description>Year</description>
							<label fallback="31047">$INFO[ListItem.Year]</label>
							<align>left</align>
							<aligny>center</aligny>
							<width min="1" max="100">auto</width>
							<height>30</height>
							<textcolor>FF999999</textcolor>
							<visible>!IsEmpty(ListItem.Year)</visible>
						</control>
						<control type="label">
							<description>Genre</description>
							<label> &#xB7; $INFO[ListItem.FirstGenre]</label>
							<align>left</align>
							<aligny>center</aligny>
							<width min="1" max="300">auto</width>
							<height>30</height>
							<textcolor>FF999999</textcolor>
							<visible>!IsEmpty(ListItem.FirstGenre)</visible>
						</control>
					</control>
					<!-- plot -->
					<control type="textbox">
						<description>Plot/Details</description>
						<posy>156</posy>
						<posx>380</posx>
						<width>870</width>
						<height>133</height>
						<info>ListItem.Plot</info>
						<font>MediaPreviewSummary</font>
					</control>
					<!-- extra infos -->
					<control type="grouplist">
						<posx>380</posx>
						<posy>320</posy>
						<orientation>vertical</orientation>
						<control type="grouplist">
							<height>30</height>
							<orientation>horizontal</orientation>
							<itemgap>10</itemgap>
							<control type="label">
								<description>First Aired</description>
								<font>MediaPreviewSummary</font>
								<label>$LOCALIZE[31140]:</label>
								<textcolor>raspberry</textcolor>
								<align>left</align>
								<width min="1" max="200">auto</width>
							</control>
							<control type="label">
								<font>MediaPreviewSummary</font>
								<label>$INFO[ListItem.Date]</label>
								<align>left</align>
								<width min="1" max="400">auto</width>
							</control>
						</control>
						<control type="grouplist">
							<height>30</height>
							<orientation>horizontal</orientation>
							<itemgap>10</itemgap>
							<control type="label">
								<description>Genre</description>
								<font>MediaPreviewSummary</font>
								<label>$LOCALIZE[31131]:</label>
								<textcolor>raspberry</textcolor>
								<align>left</align>
								<width min="1" max="200">auto</width>
							</control>
							<control type="label">
								<font>MediaPreviewSummary</font>
								<label>$INFO[ListItem.FirstGenre]</label>
								<align>left</align>
								<width min="1" max="400">auto</width>
							</control>
						</control>
						<control type="grouplist">
							<height>30</height>
							<orientation>horizontal</orientation>
							<itemgap>10</itemgap>
							<control type="label">
								<description>Duration</description>
								<font>MediaPreviewSummary</font>
								<label>$LOCALIZE[31132]:</label>
								<textcolor>raspberry</textcolor>
								<align>left</align>
								<width min="1" max="200">auto</width>
							</control>
							<control type="label">
								<description>Cast</description>
								<font>MediaPreviewSummary</font>
								<label>$INFO[ListItem.DurationStr]</label>
								<align>left</align>
								<width min="1" max="400">auto</width>
							</control>
						</control>
					</control>
					<control type="grouplist">
						<posy>320</posy>
						<posx>831</posx>
						<orientation>vertical</orientation>
						<control type="grouplist">
							<height>30</height>
							<orientation>horizontal</orientation>
							<itemgap>10</itemgap>
							<control type="label">
								<description>Total episodes</description>
								<font>MediaPreviewSummary</font>
								<label>$LOCALIZE[31137]:</label>
								<textcolor>raspberry</textcolor>
								<align>left</align>
								<width min="1" max="300">auto</width>
							</control>
							<control type="label">
								<font>MediaPreviewSummary</font>
								<label>$INFO[ListItem.Episode]</label>
								<align>left</align>
								<width min="1" max="400">auto</width>
							</control>
						</control>
						<control type="grouplist">
							<height>30</height>
							<orientation>horizontal</orientation>
							<itemgap>10</itemgap>
							<control type="label">
								<description>Watched</description>
								<font>MediaPreviewSummary</font>
								<label>$LOCALIZE[31138]:</label>
								<textcolor>raspberry</textcolor>
								<align>left</align>
								<width min="1" max="200">auto</width>
							</control>
							<control type="label">
								<font>MediaPreviewSummary</font>
								<label>$INFO[ListItem.Property(WatchedEpisodes)]</label>
								<align>left</align>
								<width min="1" max="400">auto</width>
							</control>
						</control>
						<control type="grouplist">
							<posy>243</posy>
							<height>30</height>
							<orientation>horizontal</orientation>
							<itemgap>10</itemgap>
							<control type="label">
								<description>Unwatched</description>
								<font>MediaPreviewSummary</font>
								<label>$LOCALIZE[31139]:</label>
								<textcolor>raspberry</textcolor>
								<align>left</align>
								<width min="1" max="200">auto</width>
							</control>
							<control type="label">
								<font>MediaPreviewSummary</font>
								<label>$INFO[ListItem.Property(UnWatchedEpisodes)]</label>
								<align>left</align>
								<width min="1" max="400">auto</width>
							</control>
						</control>
					</control>
					<control type="group">
						<posx>350</posx>
						<posy>443</posy>
						<include>MediaPreviewFlags</include>
					</control>
				</control>
				<!-- episodes & clips infos -->
				<control type="group">
					<posx>380</posx>
					<posy>72</posy>
					<visible>Container.Content(episodes) | Container.Content(clip)</visible>
					<control type="group">
						<posx>95</posx>
						<control type="label">
							<description>Title</description>
							<width>750</width>
							<label>$INFO[ListItem.Label]</label>
							<font>LargeTitleFont</font>
							<scroll>true</scroll>
						</control>
						<control type="textbox">
							<description>Plot/Details</description>
							<posy>62</posy>
							<width>775</width>
							<height>150</height>
							<info>ListItem.Plot</info>
							<font>MediaPreviewSummary</font>
							<visible>!Container.Content(clip)</visible>
						</control>
						<control type="textbox">
							<description>Plot/Details</description>
							<posy>62</posy>
							<width>775</width>
							<height>322</height>
							<info>ListItem.Plot</info>
							<font>MediaPreviewSummary</font>
							<visible>Container.Content(clip)</visible>
						</control>
					</control>
					<!-- episode -->
					<control type="grouplist">
						<visible>Container.Content(episodes)</visible>
						<posy>250</posy>
						<posx>100</posx>
						<itemgap>0</itemgap>
						<orientation>vertical</orientation>
						<control type="grouplist">
							<height>27</height>
							<orientation>horizontal</orientation>
							<itemgap>10</itemgap>
							<visible>!IsEmpty(ListItem.StarRating)</visible>
							<control type="label">
								<description>Rating</description>
								<font>MediaPreviewSummary</font>
								<label>$LOCALIZE[31129]:</label>
								<textcolor>raspberry</textcolor>
								<width min="1" max="200">auto</width>
								<align>left</align>
							</control>
							<control type="image">
								<height>25</height>
								<aspectratio>keep</aspectratio>
								<info>ListItem.StarRating</info>
								<colordiffuse>$INFO[ListItem.StarDiffuse]</colordiffuse>
								<align>left</align>
							</control>
						</control>
						<control type="grouplist">
							<height>27</height>
							<orientation>horizontal</orientation>
							<itemgap>10</itemgap>
							<visible>!IsEmpty(ListItem.Date)</visible>
							<control type="label">
								<description>First Aired</description>
								<font>MediaPreviewSummary</font>
								<label>$LOCALIZE[31140]:</label>
								<textcolor>raspberry</textcolor>
								<width min="1" max="200">auto</width>
								<align>left</align>
							</control>
							<control type="label">
								<description>First Aired</description>
								<font>MediaPreviewSummary</font>
								<label>$INFO[ListItem.Date]</label>
								<align>left</align>
							</control>
						</control>
						<control type="grouplist">
							<height>27</height>
							<orientation>horizontal</orientation>
							<itemgap>10</itemgap>
							<visible>!IsEmpty(ListItem.DurationStr)</visible>
							<control type="label">
								<description>Duration</description>
								<font>MediaPreviewSummary</font>
								<label>$LOCALIZE[31132]:</label>
								<textcolor>raspberry</textcolor>
								<width min="1" max="200">auto</width>
								<align>left</align>
							</control>
							<control type="label">
								<description>Duration</description>
								<font>MediaPreviewSummary</font>
								<label>$INFO[ListItem.DurationStr]</label>
								<align>left</align>
							</control>
						</control>
						<control type="grouplist">
							<height>27</height>
							<orientation>horizontal</orientation>
							<itemgap>10</itemgap>
							<visible>!IsEmpty(ListItem.Writer)</visible>
							<control type="label">
								<description>Writer</description>
								<font>MediaPreviewSummary</font>
								<label>$LOCALIZE[31136]:</label>
								<textcolor>raspberry</textcolor>
								<width min="1" max="200">auto</width>
								<align>left</align>
							</control>
							<control type="label">
								<description>Writer</description>
								<font>MediaPreviewSummary</font>
								<label>$INFO[ListItem.Writer]</label>
								<align>left</align>
							</control>
						</control>
						<control type="grouplist">
							<height>27</height>
							<orientation>horizontal</orientation>
							<itemgap>10</itemgap>
							<visible>!IsEmpty(ListItem.Director)</visible>
							<control type="label">
								<description>Director</description>
								<font>MediaPreviewSummary</font>
								<label>$LOCALIZE[31135]:</label>
								<textcolor>raspberry</textcolor>
								<width min="1" max="200">auto</width>
								<align>left</align>
							</control>
							<control type="label">
								<description>Director</description>
								<font>MediaPreviewSummary</font>
								<label>$INFO[Listitem.Director]</label>
								<align>left</align>
							</control>
						</control>
						<control type="grouplist">
							<height>27</height>
							<orientation>horizontal</orientation>
							<itemgap>10</itemgap>
							<visible>!IsEmpty(ListItem.Property(sourceTitle))</visible>
							<control type="label">
								<description>Source</description>
								<font>MediaPreviewSummary</font>
								<label>Queued From:</label>
								<textcolor>raspberry</textcolor>
								<width min="1" max="200">auto</width>
								<align>left</align>
							</control>
							<control type="label">
								<description>Source</description>
								<font>MediaPreviewSummary</font>
								<label>$INFO[ListItem.Property(sourceTitle)]</label>
								<align>left</align>
							</control>
						</control>
					</control>
					<!-- clip -->
					<control type="grouplist">
						<visible>Container.Content(clip)</visible>
						<posy>300</posy>
						<posx>-350</posx>
						<itemgap>0</itemgap>
						<orientation>vertical</orientation>
						<control type="grouplist">
							<height>27</height>
							<orientation>horizontal</orientation>
							<itemgap>10</itemgap>
							<visible>!IsEmpty(ListItem.StarRating)</visible>
							<control type="label">
								<description>Rating</description>
								<font>MediumSmallTitleFont2</font>
								<label>$LOCALIZE[31129]:</label>
								<textcolor>raspberry</textcolor>
								<width min="1" max="200">auto</width>
								<align>left</align>
							</control>
							<control type="image">
								<height>20</height>
								<width min="1" max="100">auto</width>
								<aspectratio>keep</aspectratio>
								<info>ListItem.StarRating</info>
								<colordiffuse>$INFO[ListItem.StarDiffuse]</colordiffuse>
								<align>left</align>
							</control>
						</control>
						<control type="grouplist">
							<height>27</height>
							<orientation>horizontal</orientation>
							<itemgap>10</itemgap>
							<visible>!IsEmpty(ListItem.Date)</visible>
							<control type="label">
								<description>First Aired</description>
								<font>MediumSmallTitleFont2</font>
								<label>$LOCALIZE[31140]:</label>
								<textcolor>raspberry</textcolor>
								<width min="1" max="200">auto</width>
								<align>left</align>
							</control>
							<control type="label">
								<description>First Aired</description>
								<font>MediumSmallTitleFont2</font>
								<label>$INFO[ListItem.Date]</label>
								<align>left</align>
							</control>
						</control>
						<control type="grouplist">
							<height>27</height>
							<orientation>horizontal</orientation>
							<itemgap>10</itemgap>
							<visible>!IsEmpty(ListItem.DurationStr)</visible>
							<control type="label">
								<description>Duration</description>
								<font>MediumSmallTitleFont2</font>
								<label>$LOCALIZE[31132]:</label>
								<textcolor>raspberry</textcolor>
								<width min="1" max="200">auto</width>
								<align>left</align>
							</control>
							<control type="label">
								<description>Duration</description>
								<font>MediumSmallTitleFont2</font>
								<label>$INFO[ListItem.DurationStr]</label>
								<align>left</align>
							</control>
						</control>
						<control type="grouplist">
							<height>27</height>
							<orientation>horizontal</orientation>
							<itemgap>10</itemgap>
							<visible>!IsEmpty(ListItem.Property(sourceTitle))</visible>
							<control type="label">
								<description>Source</description>
								<font>MediumSmallTitleFont2</font>
								<label>Queued From:</label>
								<textcolor>raspberry</textcolor>
								<width min="1" max="200">auto</width>
								<align>left</align>
							</control>
							<control type="label">
								<description>Source</description>
								<font>MediumSmallTitleFont2</font>
								<label>$INFO[ListItem.Property(sourceTitle)]</label>
								<align>left</align>
							</control>
						</control>
					</control>
					<control type="image">
						<visible>!IsEmpty(Listitem.Property(mediaTag::studio))</visible>
						<posx>660</posx>
						<posy>285</posy>
						<height>80</height>
						<width>130</width>
						<info>Listitem.Property(mediaTag::studio)</info>
						<aspectratio>keep</aspectratio>
					</control>
					<control type="group">
						<posx>-470</posx>
						<posy>362</posy>
						<include>MediaPreviewFlags</include>
						<visible>!Container.Content(clip)</visible>
					</control>
				</control>
			</control>
		</control>
		<!-- main list -->
		<control type="group">
			<posy>502</posy>
			<include>MediaPreviewVisible</include>
			<include>MediaViewFade</include>
			<control type="wraplist" id="51">
				<viewtype label="Media Preview">wraplist</viewtype>
				<include condition="Skin.HasSetting(ShowAnimMediaPreview)">MediaPreviewAnimList</include>
				<posx>3</posx>
				<posy>-13</posy>
				<width>1763</width>
				<height>720</height>
				<onleft>51</onleft>
				<onright>51</onright>
				<onup>9009</onup>
				<scrolltime>200</scrolltime>
				<pagecontrol>-</pagecontrol>
				<orientation>horizontal</orientation>
				<focusposition>4</focusposition>
				<include>MediaViewFade</include>
				<animation effect="slide" start="0,0" end="-512,-20" time="0" condition="!Skin.HasSetting(ShowAnimMediaPreview) + [Container.Content(episodes) | Container.Content(clip)]">Conditional</animation>
				<!-- generic -->
				<itemlayout condition="![Container.Content(episodes) | Container.Content(clip)]" width="142" height="220">
					<control type="image">
						<visible>!Container.Content(tvshows) + !Container.Content(seasons)</visible>
						<posx>15</posx>
						<posy>195</posy>
						<info>ListItem.Overlay</info>
						<colordiffuse>FF999999</colordiffuse>
						<visible>!Skin.HasSetting(HideWatchedIcons)</visible>
					</control>
					<!-- drop shadow -->
					<control type="image">
						<posx>0</posx>
						<posy>20</posy>
						<width>138</width>
						<height>200</height>
						<aspectratio scalediffuse="true" align="center">stretch</aspectratio>
						<texture background="true" border="13">posterFrameSmallShadow3.png</texture>
					</control>
					<control type="image">
						<posx>7</posx>
						<posy>29</posy>
						<width>122</width>
						<height>183</height>
						<include>MediaPreviewThumbDetails</include>
						<aspectratio>scale</aspectratio>
					</control>
				</itemlayout>
				<focusedlayout condition="![Container.Content(episodes) | Container.Content(clip)]" width="142" height="220">
					<control type="image">
						<visible>!Container.Content(tvshows) + !Container.Content(seasons)</visible>
						<posx>15</posx>
						<posy>199</posy>
						<info>ListItem.Overlay</info>
						<visible>!Skin.HasSetting(HideWatchedIcons)</visible>
					</control>
					<!-- drop shadow -->
					<control type="image">
						<posx>-2</posx>
						<posy>18</posy>
						<width>142</width>
						<height>204</height>
						<aspectratio scalediffuse="true" align="center">stretch</aspectratio>
						<texture background="true" border="13">posterFrameSmallShadow3.png</texture>
					</control>
					<!--<control type="image">
						<posx>2</posx>
						<posy>24</posy>
						<width>132</width>
						<height>193</height>
						<aspectratio scalediffuse="true" align="center">stretch</aspectratio>
						<texture background="true">posterMaskSmall.png</texture>
						<visible>ListItem.Type(movie)</visible>
						<colordiffuse>raspberry</colordiffuse>
					</control>-->
					<control type="image">
						<posx>4</posx>
						<posy>26</posy>
						<width>128</width>
						<height>189</height>
						<include>MediaPreviewThumbDetails</include>
						<aspectratio>scale</aspectratio>
						<bordertexture border="10">frameraspberry.png</bordertexture>
						<bordersize>3</bordersize>
					</control>
				</focusedlayout>
				<!-- episodes -->
				<itemlayout condition="Container.Content(episodes)" width="250" height="220">
					<control type="image">
						<description>Overlay</description>
						<posx>32</posx>
						<posy>177</posy>
						<info>ListItem.Overlay</info>
						<visible>!Skin.HasSetting(HideWatchedIcons)</visible>
						<colordiffuse>FF999999</colordiffuse>
					</control>
					<!-- drop shadow -->
					<control type="image">
						<posx>22</posx>
						<posy>44</posy>
						<width>242</width>
						<height>154</height>
						<aspectratio scalediffuse="true" align="center">stretch</aspectratio>
						<texture background="true" border="13">posterFrameSmallShadow3.png</texture>
					</control>
					<control type="image">
						<posx>30</posx>
						<posy>54</posy>
						<width>226</width>
						<height>136</height>
						<texture background="true" diffuse="episodeMaskSmall.png">$INFO[ListItem.Art(thumb)]</texture>
						<aspectratio scalediffuse="false" align="center" aligny="top">scale</aspectratio>
						<visible>!IsEmpty(ListItem.Art(thumb)) | !Skin.HasSetting(HideNoThumbIcon)</visible>
					</control>
					<control type="label">
						<posx>160</posx>
						<posy>213</posy>
						<width>180</width>
						<align>center</align>
						<label>$INFO[ListItem.Episode]. $INFO[Listitem.Title]</label>
						<font>MediaPreviewSummary</font>
						<textcolor>FF999999</textcolor>
						<visible>!Container.Content(clip) + !IsEmpty(ListItem.Episode)</visible>
					</control>
					<control type="label">
						<posx>160</posx>
						<posy>213</posy>
						<width>180</width>
						<align>center</align>
						<label>$INFO[Listitem.Title]</label>
						<font>MediaPreviewSummary</font>
						<textcolor>FF999999</textcolor>
						<visible>!Container.Content(clip) + IsEmpty(ListItem.Episode)</visible>
					</control>
					<control type="label">
						<posx>160</posx>
						<posy>213</posy>
						<width>180</width>
						<align>center</align>
						<label>$INFO[Listitem.Title]</label>
						<font>MediaPreviewSummary</font>
						<textcolor>FF999999</textcolor>
						<visible>Container.Content(clip)</visible>
					</control>
				</itemlayout>
				<focusedlayout condition="Container.Content(episodes)" width="256" height="220">
					<control type="image">
						<description>Overlay</description>
						<posx>35</posx>
						<posy>180</posy>
						<info>ListItem.Overlay</info>
						<visible>!Skin.HasSetting(HideWatchedIcons)</visible>
					</control>
					<!-- drop shadow -->
					<control type="image">
						<posx>25</posx>
						<posy>44</posy>
						<width>242</width>
						<height>154</height>
						<aspectratio scalediffuse="true" align="center">stretch</aspectratio>
						<texture background="true" border="13">posterFrameSmallShadow3.png</texture>
					</control>
					<control type="image">
						<posx>30</posx>
						<posy>51</posy>
						<width>232</width>
						<height>142</height>
						<texture background="true" diffuse="episodeMaskSmall.png">$INFO[ListItem.Art(thumb)]</texture>
						<aspectratio scalediffuse="false" align="center" aligny="top">scale</aspectratio>
						<bordertexture border="10">frameraspberry.png</bordertexture>
						<bordersize>3</bordersize>
						<visible>!IsEmpty(ListItem.Art(thumb)) | !Skin.HasSetting(HideNoThumbIcon)</visible>
					</control>
					<control type="label">
						<posx>163</posx>
						<posy>213</posy>
						<width>180</width>
						<align>center</align>
						<label>$INFO[ListItem.Episode]. $INFO[Listitem.Title]</label>
						<font>MediaPreviewSummary</font>
						<visible>!Container.Content(clip) + !IsEmpty(ListItem.Episode)</visible>
					</control>
					<control type="label">
						<posx>163</posx>
						<posy>213</posy>
						<width>180</width>
						<align>center</align>
						<label>$INFO[Listitem.Title]</label>
						<font>MediaPreviewSummary</font>
						<visible>!Container.Content(clip) + IsEmpty(ListItem.Episode)</visible>
					</control>
					<control type="label">
						<posx>163</posx>
						<posy>213</posy>
						<width>180</width>
						<align>center</align>
						<label>$INFO[Listitem.Title]</label>
						<font>MediaPreviewSummary</font>
						<visible>Container.Content(clip)</visible>
					</control>
				</focusedlayout>
				<!-- clip -->
				<itemlayout condition="Container.Content(clip)" width="250" height="220">
					<control type="image">
						<description>Overlay</description>
						<posx>32</posx>
						<posy>157</posy>
						<info>ListItem.Overlay</info>
						<visible>!Skin.HasSetting(HideWatchedIcons)</visible>
						<colordiffuse>FF999999</colordiffuse>
					</control>
					<!-- drop shadow -->
					<control type="image">
						<posx>22</posx>
						<posy>44</posy>
						<width>242</width>
						<height>134</height>
						<aspectratio scalediffuse="true" align="center">stretch</aspectratio>
						<texture background="true" border="13">posterFrameSmallShadow3.png</texture>
					</control>
					<control type="image">
						<posx>30</posx>
						<posy>54</posy>
						<width>226</width>
						<height>116</height>
						<texture background="true" diffuse="episodeMaskSmall.png">$INFO[ListItem.Art(thumb)]</texture>
						<aspectratio scalediffuse="false" align="center" aligny="top">scale</aspectratio>
						<visible>!IsEmpty(ListItem.Art(thumb)) | !Skin.HasSetting(HideNoThumbIcon)</visible>
					</control>
					<control type="label">
						<posx>160</posx>
						<posy>175</posy>
						<width>180</width>
						<align>center</align>
						<label>$INFO[Listitem.Title]</label>
						<font>MediumSmallTitleFont2</font>
						<textcolor>FF999999</textcolor>
					</control>
					<control type="label">
						<posx>140</posx>
						<posy>215</posy>
						<width>200</width>
						<align>center</align>
						<label>$INFO[Listitem.Property(SourceTitle)]</label>
						<font>MediumSmallTitleFont2</font>
						<textcolor>FF999999</textcolor>
					</control>
				</itemlayout>
				<focusedlayout condition="Container.Content(clip)" width="256" height="220">
					<control type="image">
						<description>Overlay</description>
						<posx>35</posx>
						<posy>160</posy>
						<info>ListItem.Overlay</info>
						<visible>!Skin.HasSetting(HideWatchedIcons)</visible>
					</control>
					<!-- drop shadow -->
					<control type="image">
						<posx>25</posx>
						<posy>44</posy>
						<width>242</width>
						<height>134</height>
						<aspectratio scalediffuse="true" align="center">stretch</aspectratio>
						<texture background="true" border="13">posterFrameSmallShadow3.png</texture>
					</control>
					<control type="image">
						<posx>30</posx>
						<posy>51</posy>
						<width>232</width>
						<height>122</height>
						<texture background="true" diffuse="episodeMaskSmall.png">$INFO[ListItem.Art(thumb)]</texture>
						<aspectratio scalediffuse="false" align="center" aligny="top">scale</aspectratio>
						<bordertexture border="10">frameraspberry.png</bordertexture>
						<bordersize>3</bordersize>
						<visible>!IsEmpty(ListItem.Art(thumb)) | !Skin.HasSetting(HideNoThumbIcon)</visible>
					</control>
					<control type="label">
						<posx>163</posx>
						<posy>175</posy>
						<width>180</width>
						<align>center</align>
						<label>$INFO[Listitem.Title]</label>
						<font>MediumSmallTitleFont2</font>
					</control>
					<control type="label">
						<posx>140</posx>
						<posy>215</posy>
						<width>200</width>
						<align>center</align>
						<label>$INFO[Listitem.Property(SourceTitle)]</label>
						<font>MediumSmallTitleFont2</font>
						<textcolor>raspberry</textcolor>
					</control>
				</focusedlayout>
			</control>
		</control>
	</include>
</includes>
