<?xml version="1.0"?>
<includes>
	<include name="Pictures">
		<control type="group">
			<control type="group">
				<visible>Control.IsVisible(561)</visible>
				<control type="image" id="589">
					<description>Background</description>
					<posx>0</posx>
					<posy>0</posy>
					<width>1280</width>
					<height>720</height>
					<aspectratio aligny="top">scale</aspectratio>
					<texture background="true">grainy_black_bg.png</texture>
					<align>center</align>
				</control>
				<control type="largeimage">
					<description>Background</description>
					<posx>0</posx>
					<posy>0</posy>
					<width>1280</width>
					<height>720</height>
					<fadetime>400</fadetime>
					<animation effect="fade" end="100" time="100" delay="0">Visible</animation>
					<animation effect="fade" end="0" time="100" delay="0">Hidden</animation>
					<aspectratio aligny="top">scale</aspectratio>
					<texture background="true">$INFO[ListItem.Art(thumb)]</texture>
					<align>center</align>
					<animation effect="fade" start="0" end="15" time="0" condition="true">Conditional</animation>
				</control>
				<include>MediaViewBGOverlay</include>
			</control>
			<control type="group">
				<posx>20</posx>
				<posy>240</posy>
				<include>MediaViewFade</include>
				<control type="panel" id="561">
					<viewtype label="Pictures">panel</viewtype>
					<width>600</width>
					<height>440</height>
					<pagecontrol>61</pagecontrol>
					<onup>561</onup>
					<ondown>561</ondown>
					<onleft>Skin.ToggleSetting(HideNowPlayingMusicInfo)</onleft>
					<onright>9009</onright>
					<orientation>vertical</orientation>
					<itemlayout width="114" height="110">
						<control type="image">
							<posx>0</posx>
							<posy>0</posy>
							<width>108</width>
							<height>109</height>
							<aspectratio scalediffuse="true" align="center">stretch</aspectratio>
							<texture background="true" border="13">posterFrameSmallShadow3.png</texture>
						</control>
						<control type="image">
							<posx>4</posx>
							<posy>4</posy>
							<width>96</width>
							<height>96</height>
							<aspectratio scalediffuse="false" aligny="top">scale</aspectratio>
							<texture diffuse="episodeMaskSmall.png" background="true">$INFO[ListItem.Art(thumb)]</texture>
						</control>
					</itemlayout>
					<focusedlayout width="114" height="110">
						<control type="image">
							<posx>0</posx>
							<posy>0</posy>
							<width>111</width>
							<height>112</height>
							<aspectratio scalediffuse="true" align="center">stretch</aspectratio>
							<texture background="true" border="13">posterFrameSmallShadow3.png</texture>
						</control>
						<control type="image">
							<posx>1</posx>
							<posy>1</posy>
							<width>102</width>
							<height>102</height>
							<aspectratio scalediffuse="false" aligny="top">scale</aspectratio>
							<texture diffuse="posterMaskSmall.png" background="true" fallback="posterFrameSmallShadow2.png">$INFO[ListItem.Art(thumb)]</texture>
							<bordertexture border="10">frameOrange.png</bordertexture>
							<bordersize>3</bordersize>
						</control>
					</focusedlayout>
				</control>
				<control type="scrollbar" id="61">
					<onup>61</onup>
					<ondown>61</ondown>
					<onright>9009</onright>
					<onleft>50</onleft>
					<posx>571</posx>
					<posy>0</posy>
					<height>440</height>
					<showonepage>true</showonepage>
					<visible>Control.IsVisible(561)</visible>
				</control>
				<control type="group">
					<visible>Control.IsVisible(561)</visible>
					<description>Picture Details</description>
					<posx>595</posx>
					<control type="group">
						<description>Large Picture Thumb</description>
						<posy>-5</posy>
						<!-- compressed thumb when no HQ file available -->
						<control type="largeimage">
							<visible>![Container(561).OnNext | Container(561).OnPrevious]</visible>
							<animation effect="fade" start="0" end="100" time="1000" delay="300" condition="Control.HasFocus(56)" reversible="false">Conditional</animation>
							<animation effect="fade" start="0" end="100" time="2000" delay="0">WindowOpen</animation>
							<animation effect="fade" start="100" end="0" time="500">Hidden</animation>
							<animation effect="fade" start="0" end="100" time="500">Visible</animation>
							<description>Preview thumb</description>
							<width>656</width>
							<height>403</height>
							<aspectratio scalediffuse="false" aligny="top">scale</aspectratio>
							<bordertexture border="14">bigPosterFrameShadow.png</bordertexture>
							<bordersize>9</bordersize>
							<texture background="true">$INFO[ListItem.Art(thumb)]</texture>
							<align>center</align>
						</control>
						<!-- HQ preview image -->
						<control type="largeimage">
							<visible>![Container(561).OnNext | Container(561).OnPrevious]</visible>
							<animation effect="fade" start="0" end="100" time="1000" delay="300" condition="Control.HasFocus(56)" reversible="false">Conditional</animation>
							<animation effect="fade" start="0" end="100" time="2000" delay="0">WindowOpen</animation>
							<animation effect="fade" start="100" end="0" time="500">Hidden</animation>
							<animation effect="fade" start="0" end="100" time="500">Visible</animation>
							<description>Preview thumb</description>
							<width>656</width>
							<height>403</height>
							<aspectratio scalediffuse="false" aligny="top">scale</aspectratio>
							<bordertexture border="14">bigPosterFrameShadow.png</bordertexture>
							<bordersize>9</bordersize>
							<texture background="true">$INFO[ListItem.FileNameAndPath]</texture>
							<align>center</align>
							<visible>!IsEmpty(ListItem.FileNameAndPath)</visible>
						</control>
					</control>
					<control type="group">
						<posx>10</posx>
						<posy>400</posy>
						<control type="image">
							<width>635</width>
							<height>30</height>
							<texture border="10">whitewiderounded.png</texture>
							<colordiffuse>FF555555</colordiffuse>
							<animation effect="fade" start="0" end="15" time="400" condition="true">Conditional</animation>
						</control>
						<control type="label">
							<posy>1</posy>
							<description>Name</description>
							<width>615</width>
							<align>center</align>
							<font>MediumSmallTitleFont2</font>
							<info>ListItem.Label</info>
						</control>
						<!-- placeholder for photos media flags -->
						<!--<control type="image">
							<posy>40</posy>
							<width>635</width>
							<height>30</height>
							<texture border="10">whitewiderounded.png</texture>
							<colordiffuse>FF555555</colordiffuse>
							<animation effect="fade" start="0" end="15" time="400" condition="true">Conditional</animation>
						</control>
						<control type="label">
							<posy>41</posy>
							<description>Name</description>
							<width>615</width>
							<align>center</align>
							<font>MediumSmallTitleFont2</font>
							<label>- photo flags will go here -</label>
						</control>-->
					</control>
				</control>
			</control>
		</control>
	</include>
	<include name="ImageStream">
		<control type="group">
			<control type="group">
				<visible>Control.IsVisible(57)</visible>
				<include>BackgroundOverlayFade</include>
				<control type="image">
					<description>Background</description>
					<posx>0</posx>
					<posy>0</posy>
					<width>1280</width>
					<height>720</height>
					<aspectratio aligny="top">scale</aspectratio>
					<texture background="true">grainy_black_bg.png</texture>
					<align>center</align>
				</control>
				<control type="group">
					<visible>!Container.OnNext + !Container.OnPrevious</visible>
					<animation effect="fade" start="0" end="100" time="1000" delay="300" condition="Control.HasFocus(57)" reversible="false">Conditional</animation>
					<animation effect="fade" start="0" end="100" time="2000" delay="0">WindowOpen</animation>
					<animation effect="fade" start="0" end="100" time="400" delay="0">Visible</animation>
					<animation effect="fade" start="0" end="0" time="0">Hidden</animation>
					<control type="grouplist">
						<width>4000</width>
						<align>center</align>
						<posy>49</posy>
						<posx>-1360</posx>
						<orientation>horizontal</orientation>
						<itemgap>0</itemgap>
						<!-- left photo -->
						<control type="largeimage">
							<height>455</height>
							<width>800</width>
							<aspectratio scalediffuse="false" aligny="top">scale</aspectratio>
							<texture background="true">$INFO[ListItem(-2).Thumb]</texture>
							<animation effect="fade" start="0" end="20" time="250" delay="0" condition="true">Conditional</animation>
						</control>
						<control type="largeimage">
							<height>455</height>
							<width>800</width>
							<aspectratio scalediffuse="false" aligny="top">scale</aspectratio>
							<texture background="true">$INFO[ListItem(-1).Thumb]</texture>
							<animation effect="fade" start="0" end="20" time="250" delay="0" condition="true">Conditional</animation>
						</control>
						<!-- focused photo -->
						<control type="largeimage">
							<description>Image</description>
							<height>455</height>
							<width min="200" max="800">auto</width>
							<aspectratio>keep</aspectratio>
							<texture background="true">$INFO[ListItem.Art(thumb)]</texture>							
							<info>ListItem(0).Thumb</info>
							<visible>Container.Content(plugincontent)</visible>
						</control>
						<control type="largeimage" id="444">
							<description>Image</description>
							<height>455</height>
							<width min="200" max="800">auto</width>
							<aspectratio>keep</aspectratio>
							<texture background="true">$INFO[ListItem.Art(thumb)]</texture>
							<visible>!Container.Content(plugincontent)</visible>
						</control>
						<!-- right photo -->
						<control type="largeimage">
							<height>455</height>
							<width>800</width>
							<aspectratio scalediffuse="false" aligny="top">scale</aspectratio>
							<texture background="true">$INFO[ListItem(1).Thumb]</texture>
							<animation effect="fade" start="0" end="20" time="250" delay="0" condition="true">Conditional</animation>
						</control>
						<control type="largeimage">
							<height>455</height>
							<width>800</width>
							<aspectratio scalediffuse="false" aligny="top">scale</aspectratio>
							<texture background="true">$INFO[ListItem(2).Thumb]</texture>
							<animation effect="fade" start="0" end="20" time="250" delay="0" condition="true">Conditional</animation>
						</control>
					</control>
				</control>
			</control>
			<control type="image">
				<visible>Control.IsVisible(57)</visible>
				<description>Background</description>
				<posx>0</posx>
				<posy>0</posy>
				<width>1280</width>
				<height>720</height>
				<aspectratio aligny="top">scale</aspectratio>
				<texture background="true">PhotoViewBG2.png</texture>
				<align>center</align>
			</control>
			<control type="group">
				<posy>500</posy>
				<!--><include>ImageStreamVisible</include>-->
				<include>MediaViewFade</include>
				<control type="wraplist" id="57">
					<visible>!Container.Content(Channels)</visible>
					<viewtype label="Image Stream">wraplist</viewtype>
					<posx>10</posx>
					<width>1260</width>
					<height>180</height>
					<onleft>57</onleft>
					<onright>57</onright>
					<onup>9009</onup>
					<ondown>-</ondown>
					<scrolltime>200</scrolltime>
					<pagecontrol>-</pagecontrol>
					<orientation>horizontal</orientation>
					<focusposition>3</focusposition>
					<itemlayout width="180" height="180">
						<control type="image">
							<posx>11</posx>
							<posy>11</posy>
							<width>158</width>
							<height>158</height>
							<aspectratio scalediffuse="true" align="center">stretch</aspectratio>
							<texture background="true" border="13">posterFrameSmallShadow3.png</texture>
						</control>
						<control type="image">
							<posx>20</posx>
							<posy>20</posy>
							<width>140</width>
							<height>140</height>
							<aspectratio scalediffuse="false" aligny="top">scale</aspectratio>
							<texture background="true">$INFO[ListItem.Art(thumb)]</texture>
						</control>
					</itemlayout>
					<focusedlayout width="180" height="220">
						<control type="image">
							<posx>11</posx>
							<posy>11</posy>
							<width>158</width>
							<height>158</height>
							<aspectratio scalediffuse="true" align="center">stretch</aspectratio>
							<texture background="true" border="13">posterFrameSmallShadow3.png</texture>
						</control>
						<control type="image">
							<posx>20</posx>
							<posy>20</posy>
							<width>140</width>
							<height>140</height>
							<aspectratio scalediffuse="false" aligny="top">scale</aspectratio>
							<texture background="true">$INFO[ListItem.Art(thumb)]</texture>
						</control>
					</focusedlayout>
				</control>
				<control type="group">
					<posy>183</posy>
					<visible>Control.IsVisible(57)</visible>
					<control type="label">
						<posy>3</posy>
						<width>1280</width>
						<align>center</align>
						<font>MediumSmallTitleFont2</font>
						<label>$INFO[ListItem.Label]</label>
					</control>
				</control>
			</control>
		</control>
	</include>
	<include name="InfoListPics">
		<control type="group">
			<control type="group">
				<visible>Control.IsVisible(56)</visible>
				<control type="image" id="579">
					<description>Background</description>
					<posx>0</posx>
					<posy>0</posy>
					<width>1280</width>
					<height>720</height>
					<aspectratio aligny="top">scale</aspectratio>
					<texture background="true">grainy_black_bg.png</texture>
					<align>center</align>
				</control>
				<control type="largeimage">
					<description>Background</description>
					<posx>0</posx>
					<posy>0</posy>
					<width>1280</width>
					<height>720</height>
					<fadetime>400</fadetime>
					<animation effect="fade" end="100" time="100" delay="0">Visible</animation>
					<animation effect="fade" end="0" time="100" delay="0">Hidden</animation>
					<aspectratio aligny="top">scale</aspectratio>
					<texture background="true">$INFO[ListItem.Art(thumb)]</texture>
					<align>center</align>
					<animation effect="fade" start="0" end="15" time="0" condition="true">Conditional</animation>
				</control>
			</control>
			<control type="group">
				<visible>Control.IsVisible(56)</visible>
				<include>MediaViewBGOverlay</include>
			</control>
			<control type="group">
				<include>MediaViewFade</include>
				<control type="list" id="56">
					<viewtype label="InfoList">list</viewtype>
					<onleft>Skin.ToggleSetting(HideNowPlayingMusicInfo)</onleft>
					<posx>-34</posx>
					<posy>235</posy>
					<width>640</width>
					<height>450</height>
					<scrolltime>200</scrolltime>
					<pagecontrol>61</pagecontrol>
					<onleft>Skin.ToggleSetting(HideNowPlayingMusicInfo)</onleft>
					<onright>9009</onright>
					<onup>56</onup>
					<ondown>56</ondown>
					<itemlayout height="45" width="530">
						<!-- horiz separator -->
						<control type="image">
							<posx>0</posx>
							<posy>0</posy>
							<width>600</width>
							<height>45</height>
							<texture>MediaItemBG.png</texture>
						</control>
						<control type="label">
							<posx>60</posx>
							<width>454</width>
							<height>42</height>
							<align>left</align>
							<aligny>center</aligny>
							<label>$INFO[ListItem.Label]</label>
							<font>MediumSmallDefaultCapsFont</font>
							<textcolor>Unfocused</textcolor>
						</control>
					</itemlayout>
					<focusedlayout height="45" width="530">
						<control type="image">
							<posx>0</posx>
							<posy>0</posy>
							<width>530</width>
							<height>42</height>
							<texture>MediaItemBG_.png</texture>
						</control>
						<control type="image">
							<posx>35</posx>
							<posy>2</posy>
							<width>565</width>
							<height>41</height>
							<texture aspectratio="stretch" flipx="true">InfoList_focused.png</texture>
							<animation effect="slide" start="0,-42" end="0,0" time="MediaListSlideTime" reversible="false" tween="quadratic" easing="out" condition="Container.OnNext">focus</animation>
							<animation effect="slide" start="0,42" end="0,0" time="MediaListSlideTime" reversible="false" tween="quadratic" easing="out" condition="Container.OnPrevious">focus</animation>
						</control>
						<control type="group">
							<control type="label">
								<posx>60</posx>
								<width>454</width>
								<height>42</height>
								<align>left</align>
								<aligny>center</aligny>
								<label>$INFO[ListItem.Label]</label>
								<font>MediumSmallDefaultCapsFont</font>
								<scroll>true</scroll>
								<animation effect="fade" start="0" end="100" time="100" delay="100" reversible="false" condition="Container.OnNext">Focus</animation>
								<animation effect="fade" start="0" end="100" time="100" delay="100" reversible="false" condition="Container.OnPrevious">Focus</animation>
							</control>
						</control>
					</focusedlayout>
				</control>
			</control>
			<!-- scrollbar -->
			<control type="group">
				<posx>558</posx>
				<include>MediaViewFade</include>
				<visible>Control.IsVisible(56)</visible>
				<control type="scrollbar" id="61">
					<posx>3</posx>
					<posy>228</posy>
					<height>463</height>
					<onup>61</onup>
					<ondown>61</ondown>
					<onleft>50</onleft>
					<onright>9009</onright>
					<showonepage>true</showonepage>
					<visible>!IsEmpty(ListItem.Title) | !IsEmpty(ListItem.Label)</visible>
				</control>
			</control>
			<control type="group">
				<visible>Control.IsVisible(56)</visible>
				<description>Picture Details</description>
				<posx>595</posx>
				<posy>235</posy>
				<control type="group">
					<description>Large Picture Thumb</description>
					<posy>-5</posy>
					<!-- compressed thumb when no HQ file available -->
					<control type="largeimage">
						<visible>![Container(56).OnNext | Container(56).OnPrevious] + !IsEmpty(ListItem.Plot)</visible>
						<animation effect="fade" start="0" end="100" time="1000" delay="300" condition="Control.HasFocus(56)" reversible="false">Conditional</animation>
						<animation effect="fade" start="0" end="100" time="2000" delay="0">WindowOpen</animation>
						<animation effect="fade" start="100" end="0" time="500">Hidden</animation>
						<animation effect="fade" start="0" end="100" time="500">Visible</animation>
						<description>Preview thumb</description>
						<width>656</width>
						<height>393</height>
						<aspectratio scalediffuse="false" aligny="top">scale</aspectratio>
						<bordertexture border="14">bigPosterFrameShadow.png</bordertexture>
						<bordersize>9</bordersize>
						<texture background="true">$INFO[ListItem.Art(thumb)]</texture>
						<align>center</align>
					</control>
					<!-- HQ preview image -->
					<control type="largeimage">
						<visible>![Container(56).OnNext | Container(56).OnPrevious] + !IsEmpty(ListItem.Plot)</visible>
						<animation effect="fade" start="0" end="100" time="1000" delay="300" condition="Control.HasFocus(56)" reversible="false">Conditional</animation>
						<animation effect="fade" start="0" end="100" time="2000" delay="0">WindowOpen</animation>
						<animation effect="fade" start="100" end="0" time="500">Hidden</animation>
						<animation effect="fade" start="0" end="100" time="500">Visible</animation>
						<description>Preview thumb</description>
						<width>656</width>
						<height>393</height>
						<aspectratio scalediffuse="false" aligny="top">scale</aspectratio>
						<bordertexture border="14">bigPosterFrameShadow.png</bordertexture>
						<bordersize>9</bordersize>
						<texture background="true">$INFO[ListItem.FileNameAndPath]</texture>
						<align>center</align>
						<visible>!IsEmpty(ListItem.FileNameAndPath)</visible>
					</control>
					<!-- compressed thumb when no HQ file available -->
					<control type="largeimage">
						<visible>![Container(56).OnNext | Container(56).OnPrevious] + IsEmpty(ListItem.Plot)</visible>
						<animation effect="fade" start="0" end="100" time="1000" delay="300" condition="Control.HasFocus(56)" reversible="false">Conditional</animation>
						<animation effect="fade" start="0" end="100" time="2000" delay="0">WindowOpen</animation>
						<animation effect="fade" start="100" end="0" time="500">Hidden</animation>
						<animation effect="fade" start="0" end="100" time="500">Visible</animation>
						<description>Preview thumb</description>
						<width>656</width>
						<height>460</height>
						<aspectratio scalediffuse="false" aligny="top">scale</aspectratio>
						<bordertexture border="14">bigPosterFrameShadow.png</bordertexture>
						<bordersize>9</bordersize>
						<texture background="true">$INFO[ListItem.Art(thumb)]</texture>
						<align>center</align>
					</control>
					<!-- HQ preview image -->
					<control type="largeimage">
						<visible>![Container(56).OnNext | Container(56).OnPrevious] + IsEmpty(ListItem.Plot)</visible>
						<animation effect="fade" start="0" end="100" time="1000" delay="300" condition="Control.HasFocus(56)" reversible="false">Conditional</animation>
						<animation effect="fade" start="0" end="100" time="2000" delay="0">WindowOpen</animation>
						<animation effect="fade" start="100" end="0" time="500">Hidden</animation>
						<animation effect="fade" start="0" end="100" time="500">Visible</animation>
						<description>Preview thumb</description>
						<width>656</width>
						<height>460</height>
						<aspectratio scalediffuse="false" aligny="top">scale</aspectratio>
						<bordertexture border="14">bigPosterFrameShadow.png</bordertexture>
						<bordersize>9</bordersize>
						<texture background="true">$INFO[ListItem.FileNameAndPath]</texture>
						<align>center</align>
						<visible>!IsEmpty(ListItem.FileNameAndPath)</visible>
					</control>
				</control>
				<control type="group">
					<posx>8</posx>
					<posy>390</posy>
					<control type="image">
						<width>639</width>
						<height>60</height>
						<texture border="10">whitewiderounded.png</texture>
						<colordiffuse>FF555555</colordiffuse>
						<animation effect="fade" start="0" end="15" time="400" condition="true">Conditional</animation>
						<visible>!IsEmpty(ListItem.Plot)</visible>
					</control>					
					<control type="textbox">
						<posy>5</posy>
						<posx>10</posx>
						<description>Name</description>
						<width>610</width>
						<height>44</height>
						<align>center</align>
						<font>MediumSmallTitleFont2</font>
						<info>ListItem.Plot</info>
						<visible>!IsEmpty(ListItem.Plot)</visible>
					</control>
					<!-- placeholder for photos media flags -->
					<!--<control type="image">
						<posy>40</posy>
						<width>635</width>
						<height>30</height>
						<texture border="10">whitewiderounded.png</texture>
						<colordiffuse>FF555555</colordiffuse>
						<animation effect="fade" start="0" end="15" time="400" condition="true">Conditional</animation>
					</control>
					<control type="label">
						<posy>41</posy>
						<description>Name</description>
						<width>615</width>
						<align>center</align>
						<font>MediumSmallTitleFont2</font>
						<label>- photo flags will go here -</label>
					</control>-->
				</control>
			</control>
		</control>
	</include>
	<include name="PluginStreamPics">
		<control type="group">
			<visible>Control.IsVisible(591)</visible>
			<control type="group">
				<control type="largeimage">
					<visible>Window.IsVisible(2)</visible>
					<posy>0</posy>
					<posx>0</posx>
					<width>1280</width>
					<height>720</height>
					<aspectratio aligny="center">scale</aspectratio>
					<texture background="true">$INFO[ListItem.Art(thumb)]</texture>
					<visible>true</visible>
					<animation effect="fade" start="0" end="10" time="0" condition="true">Conditional</animation>
				</control>
				<visible>Control.IsVisible(591)</visible>
				<include>MediaViewBGOverlay</include>
			</control>
			<control type="group">
				<posy>206</posy>
				<include>MediaViewFade</include>
				<control type="panel" id="591">
					<visible>!Container.Content(Plugincontent)</visible>
					<viewtype label="Plugin Stream">panel</viewtype>
					<onup>591</onup>
					<ondown>591</ondown>
					<onleft>591</onleft>
					<onright>591</onright>
					<orientation>vertical</orientation>
					<posx>10</posx>
					<posy>34</posy>
					<width>1260</width>
					<height>500</height>
					<itemlayout condition="Container.content(plugins)" width="154" height="160">
						<!-- drop shadow -->
						<control type="image">
							<posx>9</posx>
							<posy>-7</posy>
							<width>140</width>
							<height>140</height>
							<aspectratio scalediffuse="true" align="center">stretch</aspectratio>
							<texture background="true" border="13">posterFrameSmallShadow3.png</texture>
						</control>
						<control type="image">
							<description>Poster image</description>
							<posx>18</posx>
							<posy>3</posy>
							<width>122</width>
							<height>122</height>
							<texture background="true" diffuse="bigPosterMask.png">$INFO[ListItem.Icon]</texture>
							<aspectratio scalediffuse="false" align="center" aligny="top">scale</aspectratio>
						</control>
						<control type="image">
							<posx>14</posx>
							<posy>130</posy>
							<width>130</width>
							<height>25</height>
							<texture border="10">whitewiderounded.png</texture>
							<colordiffuse>FF000000</colordiffuse>
							<animation effect="fade" start="0" end="20" time="400" condition="true">Conditional</animation>
						</control>
						<control type="label">
							<posx>80</posx>
							<posy>141</posy>
							<width>110</width>
							<align>center</align>
							<aligny>center</aligny>
							<scroll>false</scroll>
							<label>$INFO[ListItem.Label]</label>
							<font>SearchResultSmaller</font>
							<textcolor>FFdddddd</textcolor>
							<wrapmultiline>false</wrapmultiline>
						</control>
					</itemlayout>
					<focusedlayout condition="Container.content(plugins)" width="154" height="160">
						<!-- drop shadow -->
						<control type="image">
							<posx>9</posx>
							<posy>-7</posy>
							<width>140</width>
							<height>140</height>
							<aspectratio scalediffuse="true" align="center">stretch</aspectratio>
							<texture background="true" border="13">posterFrameSmallShadow3.png</texture>
						</control>
						<control type="image">
							<description>Poster image</description>
							<posx>15</posx>
							<posy>0</posy>
							<width>128</width>
							<height>128</height>
							<texture background="true" diffuse="bigPosterMask.png">$INFO[ListItem.Icon]</texture>
							<aspectratio scalediffuse="false" align="center" aligny="top">scale</aspectratio>
							<bordertexture border="10">frameOrange.png</bordertexture>
							<bordersize>3</bordersize>
						</control>
						<control type="image">
							<posx>14</posx>
							<posy>130</posy>
							<width>130</width>
							<height>25</height>
							<texture border="10">whitewiderounded.png</texture>
							<colordiffuse>FF000000</colordiffuse>
							<animation effect="fade" start="0" end="20" time="400" condition="true">Conditional</animation>
						</control>
						<control type="label">
							<posx>80</posx>
							<posy>141</posy>
							<width>110</width>
							<align>center</align>
							<aligny>center</aligny>
							<scroll>false</scroll>
							<label>$INFO[ListItem.Label]</label>
							<font>SearchResultSmaller</font>
							<textcolor>raspberry</textcolor>
							<wrapmultiline>false</wrapmultiline>
						</control>
					</focusedlayout>
				</control>
			</control>
		</control>
	</include>
</includes>
