<?xml version="1.0"?>
<includes>
	<!-- MusicAlbums -->
	<!-- MusicSongs -->
	<include name="MusicSongs">
		<control type="group">
			<include>MusicSongsVisible</include>
			<include>MediaViewBGOverlay</include>
		</control>
		<control type="group">
			<include>MusicSongsVisible</include>
			<include>MediaViewFade</include>
			<control type="group">
				<posx>34</posx>
				<posy>260</posy>
				<control type="group">
					<visible>!IsEmpty(ListItem.Art(thumb)) | !Skin.HasSetting(HideNoThumbIcon)</visible>
					<control type="image">
						<include>MusicSongsCoverDims</include>
						<info>ListItem.Art(thumb)</info>
						<texture>DefaultAlbumCover.png</texture>
						<aspectratio>stretch</aspectratio>
						<bordertexture border="14">ThumbShadow.png</bordertexture>
						<bordersize>8</bordersize>
					</control>
					<control type="image">
						<include>MusicSongsCoverRflctnDims</include>
						<info>ListItem.Icon</info>
						<texture flipy="true" diffuse="DiffuseMirror.png">DefaultAlbumCover.png</texture>
						<aspectratio>stretch</aspectratio>
					</control>
					<control type="label">
						<include>MusicSongsNoThumbDims</include>
						<font>LargeTitleCapsFont</font>
						<include>NoThumbLabel</include>
					</control>
				</control>
				<control type="group">
					<posx>362</posx>
					<posy>4</posy>
					<control type="grouplist">
						<orientation>vertical</orientation>
						<itemgap>0</itemgap>
						<control type="label">
							<description>Artist name</description>
							<height>30</height>
							<font>TitleCapsFont</font>
							<include>MusicSongsAlbumInfo</include>
							<label>$INFO[ListItem.Artist]</label>
						</control>
						<control type="label">
							<description>Album name</description>
							<height>26</height>
							<font>MediumSmallDefaultCapsFont</font>
							<include>MusicSongsAlbumInfo</include>
							<label>$INFO[ListItem.Album]</label>
						</control>
						<control type="label">
							<description>Album Year</description>
							<height>26</height>
							<font>MediumSmallDefaultFont</font>
							<include>MusicSongsAlbumInfo</include>
							<info>ListItem.Year</info>
						</control>
						<control type="textbox">
							<description>Plot/Details</description>
							<posy>36</posy>
							<width>310</width>
							<height>258</height>
							<info>ListItem.Plot</info>
						</control>
					</control>
					<control type="group">
						<posy>390</posy>
						<include>InfoListFlags</include>
					</control>
				</control>
			</control>
		</control>
		<control type="group">
			<include>MusicSongsVisible</include>
			<include>MediaViewFade</include>
			<posx>670</posx>
			<posy>260</posy>
			<control type="list" id="57">
				<viewtype label="Songs">list</viewtype>
				<posx>10</posx>
				<width>640</width>
				<height>378</height>
				<pagecontrol>-</pagecontrol>
				<onright>9009</onright>
				<onleft>Skin.ToggleSetting(HideNowPlayingMusicInfo)</onleft>
				<onup>57</onup>
				<ondown>57</ondown>
				<itemlayout height="42" width="640">
					<control type="image">
						<include>MediaItemBG</include>
					</control>
					<control type="label">
						<include>MusicSongTrackNoNF</include>
					</control>
					<control type="label">
						<include>MediaNumberedItemTitleNF</include>
					</control>
					<control type="label">
						<include>MediaItemDetailInfoNF</include>
					</control>
				</itemlayout>
				<focusedlayout height="42" width="640">
					<control type="image">
						<posx>10</posx>
						<include>MediaItemBG</include>
					</control>
					<control type="image">
						<posx>10</posx>
						<include>MediaItemFocusBG</include>
					</control>
					<control type="image">
						<visible>!IsEmpty(ListItem.Label2)</visible>
						<include>MediaItemDetailBG</include>
					</control>
					<control type="label">
						<include>MusicSongTrackNoNF</include>
						<include>MediaListItemFadeOut</include>
					</control>
					<control type="label">
						<include>MusicSongTrackNoFO</include>
						<include>MediaListItemFade</include>
					</control>
					<control type="label">
						<include>MediaNumberedItemTitleNF</include>
						<include>MediaListItemFadeOut</include>
					</control>
					<control type="label">
						<include>MediaNumberedItemTitleFO</include>
						<include>MediaListItemFade</include>
					</control>
					<control type="label">
						<include>MediaItemDetailInfoNF</include>
						<include>MediaListItemFadeOut</include>
					</control>
					<control type="label">
						<include>MediaItemDetailInfoFO</include>
						<include>MediaListItemFade</include>
					</control>
				</focusedlayout>
			</control>
			<control type="image">
				<description>Songs List overlay</description>
				<visible>![Container(57).Position(8)] + !Skin.HasTheme(lite)</visible>
				<posy>308</posy>
				<width>660</width>
				<height>100</height>
				<texture>BlackGradient2.png</texture>
				<aspectratio>stretch</aspectratio>
			</control>
		</control>
		<control type="group">
			<include>MusicSongsVisible</include>
		</control>
	</include>
</includes>
