<fonts>
  <fontset id="Default" unicode="false">

<!-- Default fonts PAL -->
    <font>
      <name>XLargeDefaultFont</name>
      <filename>HelveticaNeue</filename>
			<variant>Regular</variant>
      <size>24</size>
    </font>

    <font>
      <name>XLargeDefaultCapsFont</name>
      <filename>HelveticaNeue</filename>
			<variant>Condensed Bold</variant>
      <size>24</size>
    </font>

    <font>
      <name>LargeDefaultFont</name>
      <filename>HelveticaNeue</filename>
			<variant>Regular</variant>
      <size>18</size>
    </font>

    <font>
      <name>LargeDefaultCapsFont</name>
      <filename>HelveticaNeue</filename>
			<variant>Regular</variant>
      <size>18</size>
    </font>

    <font>
      <name>MediumDefaultFont</name>
      <filename>HelveticaNeue</filename>
			<variant>Regular</variant>
      <size>15</size>
    </font>

    <font>
      <name>MediumAltDefaultFont</name>
      <filename>HelveticaNeue</filename>
			<variant>Regular</variant>
      <size>15</size>
    </font>

    <font>
      <name>MediumDefaultCapsFont</name>
      <filename>HelveticaNeue</filename>
			<variant>Regular</variant>
      <size>15</size>
    </font>

    <font>
      <name>MediumSmallDefaultFont</name>
      <filename>HelveticaNeue</filename>
			<variant>Regular</variant>
      <size>14</size>
    </font>

    <font>
      <name>MediumSmallAltDefaultFont</name>
      <filename>HelveticaNeue</filename>
			<variant>Regular</variant>
      <size>14</size>
    </font>

    <font>
      <name>MediumSmallDefaultCapsFont</name>
      <filename>HelveticaNeue</filename>
			<variant>Regular</variant>
      <size>14</size>
    </font>

    <font>
      <name>DefaultFont</name>
      <filename>LucidaGrande</filename>
			<variant>Regular</variant>
      <size>14</size>
    </font>

    <font>
      <name>AltDefaultFont</name>
      <filename>HelveticaNeue</filename>
			<variant>Regular</variant>
      <size>14</size>
    </font>

    <font>
      <name>DefaultCapsFont</name>
      <filename>HelveticaNeue</filename>
			<variant>Regular</variant>
      <size>14</size>
    </font>

    <font>
      <name>SmallDefaultFont</name>
      <filename>HelveticaNeue</filename>
			<variant>Regular</variant>
      <size>11</size>
    </font>

    <font>
      <name>SmallDefaultCapsFont</name>
      <filename>HelveticaNeue</filename>
			<variant>Regular</variant>
      <size>11</size>
    </font>

    <font>
      <name>SmallerDefaultFont</name>
      <filename>HelveticaNeue</filename>
			<variant>Regular</variant>
      <size>9</size>
    </font>

    <font>
      <name>SmallerDefaultCapsFont</name>
      <filename>HelveticaNeue</filename>
			<variant>Regular</variant>
      <size>9</size>
    </font>

<!-- Title fonts -->
    <font>
      <name>XXXLargeTitleCapsFont</name>
      <filename>HelveticaNeue</filename>
			<variant>Condensed Bold</variant>
      <size>33</size>
    </font>

    <font>
      <name>XLargeTitleFont</name>
      <filename>HelveticaNeue</filename>
			<variant>Condensed Bold</variant>
      <size>27</size>
    </font>

    <font>
      <name>XLargeTitleCapsFont</name>
      <filename>HelveticaNeue</filename>
			<variant>Condensed Bold</variant>
      <size>27</size>
    </font>

    <font>
      <name>LargeTitleFont</name>
      <filename>HelveticaNeue</filename>
			<variant>Condensed Bold</variant>
      <size>23</size>
    </font>

    <font>
      <name>LargeTitleCapsFont</name>
      <filename>HelveticaNeue</filename>
			<variant>Condensed Bold</variant>
      <size>23</size>
    </font>

    <font>
      <name>MediumLargeTitleFont</name>
      <filename>HelveticaNeue</filename>
			<variant>Condensed Bold</variant>
      <size>20</size>
    </font>

		<!-- Unselected items on home screen -->
		<font>
      <name>HomeScreenUnselectedItems</name>
      <filename>HelveticaNeue</filename>
			<variant>Condensed Bold</variant>
      <size>25</size>
    </font>

    <font>
      <name>MediumLargeTitleCapsFont</name>
      <filename>HelveticaNeue</filename>
			<variant>Condensed Bold</variant>
      <size>20</size>
    </font>

    <font>
      <name>TitleFont</name>
      <filename>HelveticaNeue</filename>
			<variant>Condensed Bold</variant>
      <size>18</size>
    </font>

    <font>
      <name>TitleCapsFont</name>
      <filename>HelveticaNeue</filename>
			<variant>Condensed Bold</variant>
      <size>18</size>
    </font>

    <font>
      <name>MediumTitleFont</name>
      <filename>HelveticaNeue</filename>
			<variant>Condensed Bold</variant>
      <size>15</size>
    </font>

    <font>
      <name>MediumTitleCapsFont</name>
      <filename>HelveticaNeue</filename>
			<variant>Condensed Bold</variant>
      <size>15</size>
    </font>

		 <font>
	      <name>RssFeedFont</name>
	      <filename>HelveticaNeue</filename>
	  		<variant>Regular</variant>
	      <size>15</size>
	    </font>

    <font>
      <name>MediumSmallTitleFont</name>
      <filename>HelveticaNeue</filename>
			<variant>Condensed Bold</variant>
      <size>14</size>
    </font>

    <font>
      <name>MediumSmallTitleCapsFont</name>
      <filename>HelveticaNeue</filename>
			<variant>Condensed Bold</variant>
      <size>14</size>
    </font>

    <font>
      <name>SmallTitleFont</name>
      <filename>HelveticaNeue</filename>
			<variant>Condensed Bold</variant>
      <size>12</size>
    </font>

    <font>
      <name>SmallTitleCapsFont</name>
      <filename>HelveticaNeue</filename>
			<variant>Regular</variant>
      <size>12</size>
    </font>

    <font>
      <name>SmallTinyTitleFont</name>
      <filename>HelveticaNeue</filename>
			<variant>Condensed Bold</variant>
      <size>9</size>
    </font>

    <font>
      <name>SmallTinyTitleCapsFont</name>
      <filename>HelveticaNeue</filename>
			<variant>Condensed Bold</variant>
      <size>9</size>
    </font>

    <font>
      <name>TinyTitleFont</name>
      <filename>HelveticaNeue</filename>
			<variant>Condensed Bold</variant>
      <size>6</size>
    </font>

    <font>
      <name>TinyTitleCapsFont</name>
      <filename>HelveticaNeue</filename>
			<variant>Condensed Bold</variant>
      <size>6</size>
    </font>

<!-- Home Screen Fonts -->
    <font>
      <name>HomeMenuFocusFont</name>
      <filename>HelveticaNeue</filename>
			<variant>Condensed Bold</variant>
      <size>34</size>
    </font>

    <font>
      <name>HomeMenuInfoFont</name>
      <filename>HelveticaNeue</filename>
			<variant>Regular</variant>
      <size>17</size>
    </font>

    <font>
      <name>HomeSubMenuFont</name>
      <filename>HelveticaNeue</filename>
			<variant>Regular</variant>
      <size>12</size>
    </font>

<!-- Video Fonts -->
    <font>
      <name>VideoDetailXFont</name>
      <filename>HelveticaNeue</filename>
			<variant>Regular</variant>
      <size>22</size>
    </font>

    <font>
      <name>VideoDetailXCapsFont</name>
      <filename>HelveticaNeue</filename>
			<variant>Regular</variant>
      <size>22</size>
    </font>

<!-- Keyboard Focus Font -->
    <font>
      <name>KeyboardFocusFont</name>
      <filename>HelveticaNeue</filename>
			<variant>Regular</variant>
      <size>19</size>
    </font>

    <font>
      <name>KeyboardFocusCapsFont</name>
      <filename>HelveticaNeue</filename>
			<variant>Regular</variant>
      <size>19</size>
    </font>

<!-- font13 needs to be kept to show debug info etc -->
    <font>
      <name>font13</name>
      <filename>HelveticaNeue</filename>
      <size>12</size>
    </font>

  </fontset>

  <fontset id="Unicode" unicode="true">

<!-- UNICODE fonts -->
    <font>
      <name>XLargeDefaultFont</name>
      <filename>Arial.ttf</filename>
      <size>32</size>
    </font>

    <font>
      <name>XLargeDefaultCapsFont</name>
      <filename>Arial.ttf</filename>
      <size>32</size>
    </font>

    <font>
      <name>LargeDefaultFont</name>
      <filename>Arial.ttf</filename>
      <size>24</size>
    </font>

    <font>
      <name>LargeDefaultCapsFont</name>
      <filename>Arial.ttf</filename>
      <size>24</size>
    </font>

    <font>
      <name>MediumDefaultFont</name>
      <filename>Arial.ttf</filename>
      <size>20</size>
    </font>

    <font>
      <name>MediumAltDefaultFont</name>
      <filename>Arial.ttf</filename>
      <size>20</size>
    </font>

    <font>
      <name>MediumDefaultCapsFont</name>
      <filename>Arial.ttf</filename>
      <size>20</size>
    </font>

    <font>
      <name>MediumSmallDefaultFont</name>
      <filename>Arial.ttf</filename>
      <size>18</size>
    </font>

    <font>
      <name>MediumSmallAltDefaultFont</name>
      <filename>Arial.ttf</filename>
      <size>18</size>
    </font>

    <font>
      <name>MediumSmallDefaultCapsFont</name>
      <filename>Arial.ttf</filename>
      <size>18</size>
    </font>

    <font>
      <name>DefaultFont</name>
      <filename>Arial.ttf</filename>
      <size>16</size>
    </font>

    <font>
      <name>AltDefaultFont</name>
      <filename>Arial.ttf</filename>
      <size>16</size>
    </font>

    <font>
      <name>DefaultCapsFont</name>
      <filename>Arial.ttf</filename>
      <size>16</size>
    </font>

    <font>
      <name>SmallDefaultFont</name>
      <filename>Arial.ttf</filename>
      <size>14</size>
    </font>

    <font>
      <name>SmallDefaultCapsFont</name>
      <filename>Arial.ttf</filename>
      <size>14</size>
    </font>

    <font>
      <name>SmallerDefaultFont</name>
      <filename>Arial.ttf</filename>
      <size>12</size>
    </font>

    <font>
      <name>SmallerDefaultCapsFont</name>
      <filename>Arial.ttf</filename>
      <size>12</size>
    </font>

<!-- Title fonts -->
    <font>
      <name>XXXLargeTitleCapsFont</name>
      <filename>Arial.ttf</filename>
      <size>45</size>
    </font>

    <font>
      <name>XLargeTitleFont</name>
      <filename>Arial.ttf</filename>
      <size>36</size>
    </font>

    <font>
      <name>XLargeTitleCapsFont</name>
      <filename>Arial.ttf</filename>
      <size>36</size>
    </font>

    <font>
      <name>LargeTitleFont</name>
      <filename>Arial.ttf</filename>
      <size>30</size>
    </font>

    <font>
      <name>LargeTitleCapsFont</name>
      <filename>Arial.ttf</filename>
      <size>30</size>
    </font>

    <font>
      <name>MediumLargeTitleFont</name>
      <filename>Arial.ttf</filename>
      <size>28</size>
    </font>

		<font>
      <name>HomeScreenUnselectedItems</name>
      <filename>Arial.ttf</filename>
      <size>28</size>
    </font>

    <font>
      <name>MediumLargeTitleCapsFont</name>
      <filename>Arial.ttf</filename>
      <size>28</size>
    </font>

    <font>
      <name>TitleFont</name>
      <filename>Arial.ttf</filename>
      <size>24</size>
    </font>

    <font>
      <name>TitleCapsFont</name>
      <filename>Arial.ttf</filename>
      <size>24</size>
    </font>

    <font>
      <name>MediumTitleFont</name>
      <filename>Arial.ttf</filename>
      <size>21</size>
    </font>

		<font>
		  <name>RssFeedFont</name>
		  <filename>Arial.ttf</filename>
		  <size>21</size>
		</font>

    <font>
      <name>MediumTitleCapsFont</name>
      <filename>Arial.ttf</filename>
      <size>21</size>
    </font>

    <font>
      <name>MediumSmallTitleFont</name>
      <filename>Arial.ttf</filename>
      <size>18</size>
    </font>

    <font>
      <name>MediumSmallTitleCapsFont</name>
      <filename>Arial.ttf</filename>
      <size>18</size>
    </font>

    <font>
      <name>SmallTitleFont</name>
      <filename>Arial.ttf</filename>
      <size>15</size>
    </font>

    <font>
      <name>SmallTitleCapsFont</name>
      <filename>Arial.ttf</filename>
      <size>15</size>
    </font>

    <font>
      <name>SmallTinyTitleFont</name>
      <filename>Arial.ttf</filename>
      <size>12</size>
    </font>

    <font>
      <name>SmallTinyTitleCapsFont</name>
      <filename>Arial.ttf</filename>
      <size>12</size>
    </font>

    <font>
      <name>TinyTitleFont</name>
      <filename>Arial.ttf</filename>
      <size>8</size>
    </font>

    <font>
      <name>TinyTitleCapsFont</name>
      <filename>Arial.ttf</filename>
      <size>8</size>
    </font>

<!-- Home Screen Fonts -->
    <font>
      <name>HomeMenuFocusFont</name>
      <filename>Arial.ttf</filename>
      <size>45</size>
    </font>

    <font>
      <name>HomeMenuInfoFont</name>
      <filename>Arial.ttf</filename>
      <size>28</size>
    </font>

    <font>
      <name>HomeSubMenuFont</name>
      <filename>Arial.ttf</filename>
      <size>17</size>
    </font>

<!-- Video Fonts -->
    <font>
      <name>VideoDetailXFont</name>
      <filename>Arial.ttf</filename>
      <size>30</size>
    </font>

    <font>
      <name>VideoDetailXCapsFont</name>
      <filename>Arial.ttf</filename>
      <size>30</size>
    </font>

<!-- Keyboard Focus Font -->
    <font>
      <name>KeyboardFocusFont</name>
      <filename>Arial.ttf</filename>
      <size>26</size>
    </font>

    <font>
      <name>KeyboardFocusCapsFont</name>
      <filename>Arial.ttf</filename>
      <size>26</size>
    </font>

<!-- font13 needs to be kept to show debug info etc -->
    <font>
      <name>font13</name>
      <filename>Arial.ttf</filename>
      <size>16</size>
    </font>

  </fontset>

</fonts>
