<colors>
  <!-- Font / Text Color-->
  <color name="Focused">FFFCFCFC</color>
  <color name="Unfocused">FF909090</color>
  <color name="Selected">FFFCFCFC</color>
  <color name="Highlighted">FFcf1d3e</color>
  <color name="Disabled">FF000000</color>
  <color name="VeryDark">FF141414</color>

  <color name="HomeShadow">FF101010</color>
  <color name="HomeMain">FFFFFFFF</color>
  <color name="HomeMain2">40FFFFFF</color>
  <color name="HomeSubFocus">FFFFFFFF</color>
  <color name="HomeSubNoFocus">60FFFFFF</color>
  
  <color name="Darker">FF272323</color>
  <color name="Dark">FF10758E</color>
  <color name="Medium">FF94C6CC</color>
  <color name="Light">FFCCCCCC</color>
  <!-- New Colors -->
  <color name="raspberry">FFce1c3d</color>
  
</colors>
